"INSTRUCTIONID"|"ENTRYDATE"|"FILESTATUS"|"TOTAL_NUMBER_OF_PAYMENTS"|"PAYMENTSCOMPLETED"|"PAYMENTSREJECTED"|"PAYMENTSPENDING"|"FILEPROCESSINGSERVER"|"FILEHASH"|"FIELDHASH"|"DESCRIPTION"|"OPTIMIZEDSTORAGE"|"ISDATACOMPUTATION"|"TRANSPORTTYPE"|"TRANSPORTNAME"|"TRANSPORTINFO"|"INPUTREFERENCECODE"|"INSTRUCTIONTYPE"|"PARTYCODE"|"SERVICECODE"|"DEPARTMENTCODE"|"OFFICECODE"|"BRANCHCODE"|"UNSTRUCTUREDINFO"|"FILEMETADATA"|"ORIGINSTRID"|"RELATEDINSTRUCTIONID"|"RELATIONSHIP"|"ENCRYPTEDINSTRUCTIONID"|"SOURCEREFERENCECODE"|"INSTRUCTIONFORMAT"|"ORIGINALINSTRUCTIONREFERENCEID"|"INSTRUCTIONFIELDLIST"|"ORIGINALINSTRUCTIONKEY"|"MESSAGEORIGIN"|"CONTROLSUM"|"BATCHESRECEIVED"|"BATCHESCOMPLETED"|"BATCHESREJECTED"|"BATCHESPENDING"|"FILEMATCHINGSTATUS"|"INPUTHEADERSLIST"|"ORIGINAL_FINANCIAL_ENTITY_NAME"|"CREDIT_VALUE"|"DEBIT_VALUE"|"CYCLE"|"REGISTRO_DE_ENCABEZADO_ARCHIVO"|"REGISTRO_DE_CONTROL_DE_ARCHIVO"|"RJCTFLGFORSOFT"|"FILENAME"|"UPLOADEDBY"|"VALUEDEBITSORIGINALFILE"|"VALUECREDITSORIGINALFILE"|"VALUEDEBITSDONOTREQUIREAUTH"|"VALUEAUTHORIZEDDEBITS"|"VALUEDEBITSPROCESSED"|"VALUEDEBITSREQUIREAUTH"|"VALUECREDITSREQUIREAUTH"|"VALUECREDITSDONOTREQUIREAUTH"|"VALUEAUTHORIZEDCREDITS"|"VALUECREDITSPROCESSED"
"80101"|21-JUN-22 04.37.55.030000000 PM|"REJECTED"|0|0|0|0|"e81102a47082"|""|""|"¡Cierre de ciclo en proceso! \n \n Por favor, cargue sus archivos en el siguiente ciclo."|1|""|"UPLOAD"|"0001002.001.1.env"|"{
    ""TransportType"":""UPLOAD"",
    ""TransportName"":""0001002.001.1.env"",
    ""TransportArrivalTime"":""2022-06-21T16:37:55.002"",
    ""AddtionalProperty"":[
        {
            ""key"":""UserID"",
            ""value"":""lcamargo@achcolombia.com.co""
        },
        {
            ""key"":""Source-Indicator"",
            ""value"":""volpay-ui""
        },
        {
            ""key"":""InputReferenceCode"",
            ""value"":""BANPOPULAR_SETTLEMENT_NACHAM_UI""
        }
    ]
}"|"BANPOPULAR_SETTLEMENT_NACHAM_UI"|"Payment Instruction"|"BANPOPULAR"|"SETTLEMENT"|"VOLPAYDEPT"|"GLBLOFF"|"COLBR"|""|(BLOB)|""|""|""|""|""|""|""|""|"b0900f95-787a-4bf9-93b3-3d7d45bb8cb5"|""||||||""|(BLOB)|""|||""|(BLOB)|(BLOB)||""|""|""|""||||||||
"80102"|21-JUN-22 04.39.48.352000000 PM|"REJECTED"|0|0|0|0|"e81102a47082"|""|""|"¡Cierre de ciclo en proceso! \n \n Por favor, cargue sus archivos en el siguiente ciclo."|1|""|"UPLOAD"|"0001002.003.1.env"|"{
    ""TransportType"":""UPLOAD"",
    ""TransportName"":""0001002.003.1.env"",
    ""TransportArrivalTime"":""2022-06-21T16:39:48.351"",
    ""AddtionalProperty"":[
        {
            ""key"":""UserID"",
            ""value"":""lcamargo@achcolombia.com.co""
        },
        {
            ""key"":""Source-Indicator"",
            ""value"":""volpay-ui""
        },
        {
            ""key"":""InputReferenceCode"",
            ""value"":""BANPOPULAR_SETTLEMENT_NACHAM_UI""
        }
    ]
}"|"BANPOPULAR_SETTLEMENT_NACHAM_UI"|"Payment Instruction"|"BANPOPULAR"|"SETTLEMENT"|"VOLPAYDEPT"|"GLBLOFF"|"COLBR"|""|(BLOB)|""|""|""|""|""|""|""|""|"08284b36-1603-4bfd-a5bb-630f223f2e75"|""||||||""|(BLOB)|""|||""|(BLOB)|(BLOB)||""|""|""|""||||||||
"80103"|21-JUN-22 04.41.15.042000000 PM|"REJECTED"|0|0|0|0|"e81102a47082"|""|""|"101:El archivo ya había sido enviado. No se cargó su información."|1|""|"UPLOAD"|"0001001.001.1.env"|"{
    ""TransportType"":""UPLOAD"",
    ""TransportName"":""0001001.001.1.env"",
    ""TransportArrivalTime"":""2022-06-21T16:41:15.035"",
    ""AddtionalProperty"":[
        {
            ""key"":""UserID"",
            ""value"":""lcamargo@achcolombia.com.co""
        },
        {
            ""key"":""Source-Indicator"",
            ""value"":""volpay-ui""
        },
        {
            ""key"":""InputReferenceCode"",
            ""value"":""BANBOGOTA_SETTLEMENT_NACHAM_UI""
        }
    ]
}"|"BANBOGOTA_SETTLEMENT_NACHAM_UI"|"Payment Instruction"|"BANBOGOTA"|"SETTLEMENT"|"VOLPAYDEPT"|"GLBLOFF"|"COLBR"|""|(BLOB)|""|""|""|""|""|"NACHA"|""|""|"df43187c-f47b-4003-844c-e49b13ce5e07"|""||||||""|(BLOB)|"BOGOTA"|0|0|"20220520-4"|(BLOB)|(BLOB)||"0001001.001.1.env"|"lcamargo@achcolombia.com.co"|""|""||||||||
"80105"|21-JUN-22 06.14.43.329000000 PM|"REJECTED"|1541|0|1541|0|"e81102a47082"|""|""|"14:El identificador del archivo es incorrecto. (línea: 1)|"|1|""|"UPLOAD"|"0001001.015.1.env"|"{
    ""TransportType"":""UPLOAD"",
    ""TransportName"":""0001001.015.1.env"",
    ""TransportArrivalTime"":""2022-06-21T18:14:43.328"",
    ""AddtionalProperty"":[
        {
            ""key"":""UserID"",
            ""value"":""lcamargo@achcolombia.com.co""
        },
        {
            ""key"":""Source-Indicator"",
            ""value"":""volpay-ui""
        },
        {
            ""key"":""InputReferenceCode"",
            ""value"":""BANBOGOTA_SETTLEMENT_NACHAM_UI""
        }
    ]
}"|"BANBOGOTA_SETTLEMENT_NACHAM_UI"|"Payment Instruction"|"BANBOGOTA"|"SETTLEMENT"|"VOLPAYDEPT"|"GLBLOFF"|"COLBR"|""|(BLOB)|""|""|""|""|""|"NACHA"|""|""|"624a6a91-460e-4267-93ac-da7d1195033c"|""||193||||""|(BLOB)|"BOGOTA"|0|0|"20220520-4"|(BLOB)|(BLOB)||"0001001.015.1.env"|"lcamargo@achcolombia.com.co"|""|""||||||||
"80106"|21-JUN-22 06.16.30.919000000 PM|"REJECTED"|0|0|0|0|"e81102a47082"|""|""|"¡Cierre de ciclo en proceso! \n \n Por favor, cargue sus archivos en el siguiente ciclo."|1|""|"UPLOAD"|"0001001.015.1.env"|"{
    ""TransportType"":""UPLOAD"",
    ""TransportName"":""0001001.015.1.env"",
    ""TransportArrivalTime"":""2022-06-21T18:16:30.917"",
    ""AddtionalProperty"":[
        {
            ""key"":""UserID"",
            ""value"":""lcamargo@achcolombia.com.co""
        },
        {
            ""key"":""Source-Indicator"",
            ""value"":""volpay-ui""
        },
        {
            ""key"":""InputReferenceCode"",
            ""value"":""BANBOGOTA_SETTLEMENT_NACHAM_UI""
        }
    ]
}"|"BANBOGOTA_SETTLEMENT_NACHAM_UI"|"Payment Instruction"|"BANBOGOTA"|"SETTLEMENT"|"VOLPAYDEPT"|"GLBLOFF"|"COLBR"|""|(BLOB)|""|""|""|""|""|""|""|""|"db80b19f-a84d-4eeb-8032-c6e3b80d3366"|""||||||""|(BLOB)|""|||""|(BLOB)|(BLOB)||""|""|""|""||||||||
"41101"|16-MAY-22 08.57.37.911000000 PM|"REJECTED"|258|0|258|0|"daaa2a6c0b2e"|""|""|"13:La fecha de creación del archivo es incorrecta. (línea: 1)|"|1|""|"UPLOAD"|"0001001.007.1.env"|"{
    ""TransportType"":""UPLOAD"",
    ""TransportName"":""0001001.007.1.env"",
    ""TransportArrivalTime"":""2022-05-16T20:57:37.861"",
    ""AddtionalProperty"":[
        {
            ""key"":""UserID"",
            ""value"":""lcamargo@achcolombia.com.co""
        },
        {
            ""key"":""Source-Indicator"",
            ""value"":""volpay-ui""
        },
        {
            ""key"":""InputReferenceCode"",
            ""value"":""BANBOGOTA_SETTLEMENT_NACHAM_UI""
        }
    ]
}"|"BANBOGOTA_SETTLEMENT_NACHAM_UI"|"Payment Instruction"|"BANBOGOTA"|"SETTLEMENT"|"VOLPAYDEPT"|"GLBLOFF"|"COLBR"|""|(BLOB)|""|""|""|""|""|"NACHA"|""|""|"1c41d2fa-6ed0-4782-a214-f44075a222fd"|""||230||||""|(BLOB)|"BOGOTA"|0|0|""|(BLOB)|(BLOB)||"0001001.007.1.env"|"lcamargo@achcolombia.com.co"|"0.0"|"0.0"|0|0|0|0|0|0|0|0
"95161"|01-JUL-22 06.40.34.929000000 PM|"REJECTED"|0|0|0|0|"f55fd36d77a4"|""|""|"¡Cierre de ciclo en proceso! \n \n Por favor, cargue sus archivos en el siguiente ciclo."|1|""|"UPLOAD"|"0001009.009.1"|"{
    ""TransportType"":""UPLOAD"",
    ""TransportName"":""0001009.009.1"",
    ""TransportArrivalTime"":""2022-07-01T18:40:34.903"",
    ""AddtionalProperty"":[
        {
            ""key"":""UserID"",
            ""value"":""hquiceno/citibank""
        },
        {
            ""key"":""Source-Indicator"",
            ""value"":""volpay-ui""
        },
        {
            ""key"":""InputReferenceCode"",
            ""value"":""BANCITIBAN_SETTLEMENT_NACHAM_UI""
        }
    ]
}"|"BANCITIBAN_SETTLEMENT_NACHAM_UI"|"Payment Instruction"|"BANCITIBAN"|"SETTLEMENT"|"VOLPAYDEPT"|"GLBLOFF"|"COLBR"|""|(BLOB)|""|""|""|""|""|""|""|""|"37dd780d-de03-44a4-9c5b-32e9a1b0c152"|""||||||""|(BLOB)|""|||""|(BLOB)|(BLOB)||""|""|""|""||||||||
"80021"|21-JUN-22 04.31.02.233000000 PM|"REJECTED"|0|0|0|0|"e81102a47082"|""|""|"FORCED MANUAL REJECTION"|1|""|"UPLOAD"|"0001001.001.1.env"|"{
    ""TransportType"":""UPLOAD"",
    ""TransportName"":""0001001.001.1.env"",
    ""TransportArrivalTime"":""2022-06-21T16:31:02.201"",
    ""AddtionalProperty"":[
        {
            ""key"":""UserID"",
            ""value"":""lcamargo@achcolombia.com.co""
        },
        {
            ""key"":""Source-Indicator"",
            ""value"":""volpay-ui""
        },
        {
            ""key"":""InputReferenceCode"",
            ""value"":""BANBOGOTA_SETTLEMENT_NACHAM_UI""
        }
    ]
}"|"BANBOGOTA_SETTLEMENT_NACHAM_UI"|"Payment Instruction"|"BANBOGOTA"|"SETTLEMENT"|"VOLPAYDEPT"|"GLBLOFF"|"COLBR"|""|(BLOB)|""|""|""|""|""|""|""|""|"5f461144-ccfb-421a-b1b7-d19043b7adae"|""||||||""|(BLOB)|""|||""|(BLOB)|(BLOB)||""|""|""|""||||||||
"80104"|21-JUN-22 04.42.42.365000000 PM|"REJECTED"|1541|0|1541|0|"e81102a47082"|""|""|"14:El identificador del archivo es incorrecto. (línea: 1)|"|1|""|"UPLOAD"|"0001001.015.1.env"|"{
    ""TransportType"":""UPLOAD"",
    ""TransportName"":""0001001.015.1.env"",
    ""TransportArrivalTime"":""2022-06-21T16:42:42.363"",
    ""AddtionalProperty"":[
        {
            ""key"":""UserID"",
            ""value"":""lcamargo@achcolombia.com.co""
        },
        {
            ""key"":""Source-Indicator"",
            ""value"":""volpay-ui""
        },
        {
            ""key"":""InputReferenceCode"",
            ""value"":""BANBOGOTA_SETTLEMENT_NACHAM_UI""
        }
    ]
}"|"BANBOGOTA_SETTLEMENT_NACHAM_UI"|"Payment Instruction"|"BANBOGOTA"|"SETTLEMENT"|"VOLPAYDEPT"|"GLBLOFF"|"COLBR"|""|(BLOB)|""|""|""|""|""|"NACHA"|""|""|"f94f98e2-1e86-47d4-9474-17f1468cbde5"|""||193||||""|(BLOB)|"BOGOTA"|0|0|"20220520-4"|(BLOB)|(BLOB)||"0001001.015.1.env"|"lcamargo@achcolombia.com.co"|"210163260.0"|"1758021797.2"|0|0|0|0|0|0|0|0
"51801"|23-MAY-22 09.40.29.822000000 PM|"REJECTED"|0|0|0|0|"4b58075565c9"|""|""|"¡Cierre de ciclo en proceso! \n \n Por favor, cargue sus archivos en el siguiente ciclo."|1|""|"UPLOAD"|"0001101.024.1.env"|"{
    ""TransportType"":""UPLOAD"",
    ""TransportName"":""0001101.024.1.env"",
    ""TransportArrivalTime"":""2022-05-23T21:40:29.803"",
    ""AddtionalProperty"":[
        {
            ""key"":""UserID"",
            ""value"":""lcamargo@achcolombia.com.co""
        },
        {
            ""key"":""Source-Indicator"",
            ""value"":""volpay-ui""
        },
        {
            ""key"":""InputReferenceCode"",
            ""value"":""BANPSE_SETTLEMENT_NACHAM_UI""
        }
    ]
}"|"BANPSE_SETTLEMENT_NACHAM_UI"|"Payment Instruction"|"BANPSE"|"SETTLEMENT"|"VOLPAYDEPT"|"GLBLOFF"|"COLBR"|""|(BLOB)|""|""|""|""|""|""|""|""|"79c904f7-99cf-4726-9f90-000b09953542"|""||||||""|(BLOB)|""|||""|(BLOB)|(BLOB)||""|""|""|""||||||||
"70801"|15-JUN-22 02.40.41.348000000 PM|"REJECTED"|0|0|0|0|"952aecb5aff5"|""|""|"¡Cierre de ciclo en proceso! \n \n Por favor, cargue sus archivos en el siguiente ciclo."|1|""|"UPLOAD"|"0001009.009.1"|"{
    ""TransportType"":""UPLOAD"",
    ""TransportName"":""0001009.009.1"",
    ""TransportArrivalTime"":""2022-06-15T14:40:41.328"",
    ""AddtionalProperty"":[
        {
            ""key"":""UserID"",
            ""value"":""hquiceno/citibank""
        },
        {
            ""key"":""Source-Indicator"",
            ""value"":""volpay-ui""
        },
        {
            ""key"":""InputReferenceCode"",
            ""value"":""BANCITIBAN_SETTLEMENT_NACHAM_UI""
        }
    ]
}"|"BANCITIBAN_SETTLEMENT_NACHAM_UI"|"Payment Instruction"|"BANCITIBAN"|"SETTLEMENT"|"VOLPAYDEPT"|"GLBLOFF"|"COLBR"|""|(BLOB)|""|""|""|""|""|""|""|""|"94d9bd77-65ba-4a0d-b2d3-a394b7b4bae6"|""||||||""|(BLOB)|""|||""|(BLOB)|(BLOB)||""|""|""|""||||||||
"95162"|01-JUL-22 06.48.53.895000000 PM|"REJECTED"|0|0|0|0|"f55fd36d77a4"|""|""|"¡Cierre de ciclo en proceso! \n \n Por favor, cargue sus archivos en el siguiente ciclo."|1|""|"UPLOAD"|"0001009.009.1"|"{
    ""TransportType"":""UPLOAD"",
    ""TransportName"":""0001009.009.1"",
    ""TransportArrivalTime"":""2022-07-01T18:48:53.893"",
    ""AddtionalProperty"":[
        {
            ""key"":""UserID"",
            ""value"":""hquiceno/citibank""
        },
        {
            ""key"":""Source-Indicator"",
            ""value"":""volpay-ui""
        },
        {
            ""key"":""InputReferenceCode"",
            ""value"":""BANCITIBAN_SETTLEMENT_NACHAM_UI""
        }
    ]
}"|"BANCITIBAN_SETTLEMENT_NACHAM_UI"|"Payment Instruction"|"BANCITIBAN"|"SETTLEMENT"|"VOLPAYDEPT"|"GLBLOFF"|"COLBR"|""|(BLOB)|""|""|""|""|""|""|""|""|"cafab91e-2f5f-4cc6-b5a1-f8c47194dd12"|""||||||""|(BLOB)|""|||""|(BLOB)|(BLOB)||""|""|""|""||||||||
"99521"|04-JUL-22 01.52.22.383000000 PM|"REJECTED"|0|0|0|0|"a307b0c45bd0"|""|""|"¡Cierre de ciclo en proceso! \n \n Por favor, cargue sus archivos en el siguiente ciclo."|1|""|"UPLOAD"|"0001001.001.1.env"|"{
    ""TransportType"":""UPLOAD"",
    ""TransportName"":""0001001.001.1.env"",
    ""TransportArrivalTime"":""2022-07-04T13:52:22.365"",
    ""AddtionalProperty"":[
        {
            ""key"":""UserID"",
            ""value"":""kdelgadillo@achcolombia.com.co""
        },
        {
            ""key"":""Source-Indicator"",
            ""value"":""volpay-ui""
        },
        {
            ""key"":""InputReferenceCode"",
            ""value"":""BANBOGOTA_SETTLEMENT_NACHAM_UI""
        }
    ]
}"|"BANBOGOTA_SETTLEMENT_NACHAM_UI"|"Payment Instruction"|"BANBOGOTA"|"SETTLEMENT"|"VOLPAYDEPT"|"GLBLOFF"|"COLBR"|""|(BLOB)|""|""|""|""|""|""|""|""|"2246798b-4a40-4fb5-be08-5a1158d522e9"|""||||||""|(BLOB)|""|||""|(BLOB)|(BLOB)||""|""|""|""||||||||
"103781"|05-JUL-22 09.43.30.384000000 PM|"REJECTED"|0|0|0|0|"88d71642fa10"|""|""|"El archivo debe estar SIN CIFRAR para realizar el cargue"|1|""|"UPLOAD"|"0001009.001.1.env"|"{
    ""TransportType"":""UPLOAD"",
    ""TransportName"":""0001009.001.1.env"",
    ""TransportArrivalTime"":""2022-07-05T21:43:30.368"",
    ""AddtionalProperty"":[
        {
            ""key"":""UserID"",
            ""value"":""kdelgadillo@achcolombia.com.co""
        },
        {
            ""key"":""Source-Indicator"",
            ""value"":""volpay-ui""
        },
        {
            ""key"":""InputReferenceCode"",
            ""value"":""BANCITIBAN_SETTLEMENT_NACHAM_UI""
        }
    ]
}"|"BANCITIBAN_SETTLEMENT_NACHAM_UI"|"Payment Instruction"|"BANCITIBAN"|"SETTLEMENT"|"VOLPAYDEPT"|"GLBLOFF"|"COLBR"|""|(BLOB)|""|""|""|""|""|""|""|""|"b283433f-de2b-47c2-8613-51ead9328fba"|""||||||""|(BLOB)|""|||"20220705-1"|(BLOB)|(BLOB)||"0001009.001.1.env"|""|""|""||||||||
"104221"|05-JUL-22 11.54.29.337000000 PM|"COMPLETED"|1980|591|1389|1|"d886354082cd"|""|""|"Status changed to COMPLETED"|1|""|"UPLOAD"|"0001009.002.1.env"|"{
    ""TransportType"":""UPLOAD"",
    ""TransportName"":""0001009.002.1.env"",
    ""TransportArrivalTime"":""2022-07-05T23:54:29.321"",
    ""AddtionalProperty"":[
        {
            ""key"":""UserID"",
            ""value"":""kdelgadillo@achcolombia.com.co""
        },
        {
            ""key"":""Source-Indicator"",
            ""value"":""volpay-ui""
        },
        {
            ""key"":""InputReferenceCode"",
            ""value"":""BANCITIBAN_SETTLEMENT_NACHAM_UI""
        }
    ]
}"|"BANCITIBAN_SETTLEMENT_NACHAM_UI"|"Payment Instruction"|"BANCITIBAN"|"SETTLEMENT"|"VOLPAYDEPT"|"GLBLOFF"|"COLBR"|""|(BLOB)|""|""|""|""|""|"NACHA"|""|""|"921f9479-5cf6-4a2b-b521-5d903b66bdc7"|""||15|15|||""|(BLOB)|"CITIBANK"|6265055805.16|0|"20220705-1"|(BLOB)|(BLOB)||"0001009.002.1.env"|"kdelgadillo@achcolombia.com.co"|"0.0"|"6265055805.16"|0|0|0|0|3607770000|1586356191.59|3607770000|5194126191.59
"103522"|05-JUL-22 09.27.24.324000000 PM|"REJECTED"|0|0|0|0|"20e8edc94e68"|""|""|"FORCED MANUAL REJECTION"|1|""|"UPLOAD"|"0001009.001.1.env"|"{
    ""TransportType"":""UPLOAD"",
    ""TransportName"":""0001009.001.1.env"",
    ""TransportArrivalTime"":""2022-07-05T21:27:24.321"",
    ""AddtionalProperty"":[
        {
            ""key"":""UserID"",
            ""value"":""kdelgadillo@achcolombia.com.co""
        },
        {
            ""key"":""Source-Indicator"",
            ""value"":""volpay-ui""
        },
        {
            ""key"":""InputReferenceCode"",
            ""value"":""BANCITIBAN_SETTLEMENT_NACHAM_UI""
        }
    ]
}"|"BANCITIBAN_SETTLEMENT_NACHAM_UI"|"Payment Instruction"|"BANCITIBAN"|"SETTLEMENT"|"VOLPAYDEPT"|"GLBLOFF"|"COLBR"|""|(BLOB)|""|""|""|""|""|""|""|""|"b0ed43d2-6ba6-48b3-bc86-be9c4b9dbb6f"|""||||||""|(BLOB)|""|||""|(BLOB)|(BLOB)||""|""|""|""||||||||
"104161"|05-JUL-22 11.52.40.064000000 PM|"REJECTED"|0|0|0|0|"9bcf7d2544e9"|""|""|"¡Cierre de ciclo en proceso! \n \n Por favor, cargue sus archivos en el siguiente ciclo."|1|""|"UPLOAD"|"0001009.001.1.env"|"{
    ""TransportType"":""UPLOAD"",
    ""TransportName"":""0001009.001.1.env"",
    ""TransportArrivalTime"":""2022-07-05T23:52:40.039"",
    ""AddtionalProperty"":[
        {
            ""key"":""UserID"",
            ""value"":""kdelgadillo@achcolombia.com.co""
        },
        {
            ""key"":""Source-Indicator"",
            ""value"":""volpay-ui""
        },
        {
            ""key"":""InputReferenceCode"",
            ""value"":""BANCITIBAN_SETTLEMENT_NACHAM_UI""
        }
    ]
}"|"BANCITIBAN_SETTLEMENT_NACHAM_UI"|"Payment Instruction"|"BANCITIBAN"|"SETTLEMENT"|"VOLPAYDEPT"|"GLBLOFF"|"COLBR"|""|(BLOB)|""|""|""|""|""|""|""|""|"c15c60cf-986e-416a-b515-b3fb7bcfe5eb"|""||||||""|(BLOB)|""|||""|(BLOB)|(BLOB)||""|""|""|""||||||||
"104162"|05-JUL-22 11.53.54.822000000 PM|"REJECTED"|0|0|0|0|"9bcf7d2544e9"|""|""|"101:El archivo ya había sido enviado. No se cargó su información.|"|1|""|"UPLOAD"|"0001009.001.1.env"|"{
    ""TransportType"":""UPLOAD"",
    ""TransportName"":""0001009.001.1.env"",
    ""TransportArrivalTime"":""2022-07-05T23:53:54.820"",
    ""AddtionalProperty"":[
        {
            ""key"":""UserID"",
            ""value"":""kdelgadillo@achcolombia.com.co""
        },
        {
            ""key"":""Source-Indicator"",
            ""value"":""volpay-ui""
        },
        {
            ""key"":""InputReferenceCode"",
            ""value"":""BANCITIBAN_SETTLEMENT_NACHAM_UI""
        }
    ]
}"|"BANCITIBAN_SETTLEMENT_NACHAM_UI"|"Payment Instruction"|"BANCITIBAN"|"SETTLEMENT"|"VOLPAYDEPT"|"GLBLOFF"|"COLBR"|""|(BLOB)|""|""|""|""|""|""|""|""|"997631ec-3c3f-487e-ab33-a0b2db08c0ec"|""||||||""|(BLOB)|""|||"20220705-1"|(BLOB)|(BLOB)||"0001009.001.1.env"|""|""|""||||||||
"104222"|06-JUL-22 12.34.55.348000000 AM|"COMPLETED"|88492|88484|8|7|"d886354082cd"|""|""|"Status changed to COMPLETED"|1|""|"UPLOAD"|"0001009.001.1.env"|"{
    ""TransportType"":""UPLOAD"",
    ""TransportName"":""0001009.001.1.env"",
    ""TransportArrivalTime"":""2022-07-06T00:34:55.342"",
    ""AddtionalProperty"":[
        {
            ""key"":""UserID"",
            ""value"":""kdelgadillo@achcolombia.com.co""
        },
        {
            ""key"":""Source-Indicator"",
            ""value"":""volpay-ui""
        },
        {
            ""key"":""InputReferenceCode"",
            ""value"":""BANCITIBAN_SETTLEMENT_NACHAM_UI""
        }
    ]
}"|"BANCITIBAN_SETTLEMENT_NACHAM_UI"|"Payment Instruction"|"BANCITIBAN"|"SETTLEMENT"|"VOLPAYDEPT"|"GLBLOFF"|"COLBR"|""|(BLOB)|""|""|""|""|""|"NACHA"|""|""|"d9ce4759-84a0-4bf1-b1a3-4adeffebe0b9"|""||175|175|||""|(BLOB)|"CITIBANK"|152670847709.46|0|"20220705-1"|(BLOB)|(BLOB)||"0001009.001.1.env"|"kdelgadillo@achcolombia.com.co"|"0.0"|"152670847709.46"|0|0|0|0|19406696131.47|133255677589.99|0|133255677589.99
"104561"|06-JUL-22 12.56.02.268000000 AM|"COMPLETED"|159357|159350|7|4|"45fc389a0014"|""|""|"Status changed to COMPLETED"|1|""|"UPLOAD"|"0001007.028.1.env"|"{
    ""TransportType"":""UPLOAD"",
    ""TransportName"":""0001007.028.1.env"",
    ""TransportArrivalTime"":""2022-07-06T00:56:02.246"",
    ""AddtionalProperty"":[
        {
            ""key"":""UserID"",
            ""value"":""kdelgadillo@achcolombia.com.co""
        },
        {
            ""key"":""Source-Indicator"",
            ""value"":""volpay-ui""
        },
        {
            ""key"":""InputReferenceCode"",
            ""value"":""BANBANCOLO_SETTLEMENT_NACHAM_UI""
        }
    ]
}"|"BANBANCOLO_SETTLEMENT_NACHAM_UI"|"Payment Instruction"|"BANBANCOLO"|"SETTLEMENT"|"VOLPAYDEPT"|"GLBLOFF"|"COLBR"|""|(BLOB)|""|""|""|""|""|"NACHA"|""|""|"047eefa3-6962-408b-95bc-04d51529df3e"|""||83340|83340|||""|(BLOB)|"BANCOLOMBIA"|675253139438.18|11619742430.01|"20220705-1"|(BLOB)|(BLOB)||"0001007.028.1.env"|"kdelgadillo@achcolombia.com.co"|"11619742430.01"|"675253139438.18"|11619742430.01|0|11619742430.01|0|105419654448|492490464309.18|0|492490464309.18
"95165"|01-JUL-22 07.03.30.327000000 PM|"REJECTED"|3|0|3|0|"f55fd36d77a4"|""|""|"12:El código de la entidad origen inmediato es incorrecto. (línea: 1)|13:La fecha de creación del archivo es incorrecta. (línea: 1)|"|1|""|"UPLOAD"|"0001009.009.1"|"{
    ""TransportType"":""UPLOAD"",
    ""TransportName"":""0001009.009.1"",
    ""TransportArrivalTime"":""2022-07-01T19:03:30.326"",
    ""AddtionalProperty"":[
        {
            ""key"":""UserID"",
            ""value"":""hquiceno@achcolombia.com.co""
        },
        {
            ""key"":""Source-Indicator"",
            ""value"":""volpay-ui""
        },
        {
            ""key"":""InputReferenceCode"",
            ""value"":""BANCITIBAN_SETTLEMENT_NACHAM_UI""
        }
    ]
}"|"BANCITIBAN_SETTLEMENT_NACHAM_UI"|"Payment Instruction"|"BANCITIBAN"|"SETTLEMENT"|"VOLPAYDEPT"|"GLBLOFF"|"COLBR"|""|(BLOB)|""|""|""|""|""|"NACHA"|""|""|"b7ee0648-8487-423b-af60-be204a5c1241"|""||1||||""|(BLOB)|"CITIBANK"|0|0|"20220523-1"|(BLOB)|(BLOB)||"0001009.009.1"|"hquiceno@achcolombia.com.co"|"0.0"|"31000070227.24"|0|0|0|0|0|0|0|0
"95166"|01-JUL-22 07.04.08.026000000 PM|"REJECTED"|3|0|3|0|"f55fd36d77a4"|""|""|"12:El código de la entidad origen inmediato es incorrecto. (línea: 1)|13:La fecha de creación del archivo es incorrecta. (línea: 1)|"|1|""|"UPLOAD"|"0001009.009.1"|"{
    ""TransportType"":""UPLOAD"",
    ""TransportName"":""0001009.009.1"",
    ""TransportArrivalTime"":""2022-07-01T19:04:08.025"",
    ""AddtionalProperty"":[
        {
            ""key"":""UserID"",
            ""value"":""hquiceno/citibank""
        },
        {
            ""key"":""Source-Indicator"",
            ""value"":""volpay-ui""
        },
        {
            ""key"":""InputReferenceCode"",
            ""value"":""BANCITIBAN_SETTLEMENT_NACHAM_UI""
        }
    ]
}"|"BANCITIBAN_SETTLEMENT_NACHAM_UI"|"Payment Instruction"|"BANCITIBAN"|"SETTLEMENT"|"VOLPAYDEPT"|"GLBLOFF"|"COLBR"|""|(BLOB)|""|""|""|""|""|"NACHA"|""|""|"e7eae89b-9f67-4ba4-bc32-f7ee5fabe094"|""||1||||""|(BLOB)|"CITIBANK"|0|0|"20220523-1"|(BLOB)|(BLOB)||"0001009.009.1"|"hquiceno/citibank"|"0.0"|"31000070227.24"|0|0|0|0|0|0|0|0
"104163"|05-JUL-22 11.56.39.219000000 PM|"REJECTED"|88492|7655|80831|12|"9bcf7d2544e9"|""|""|"Status changed to REJECTED"|1|""|"UPLOAD"|"0001009.001.1.env"|"{
    ""TransportType"":""UPLOAD"",
    ""TransportName"":""0001009.001.1.env"",
    ""TransportArrivalTime"":""2022-07-05T23:56:39.218"",
    ""AddtionalProperty"":[
        {
            ""key"":""UserID"",
            ""value"":""kdelgadillo@achcolombia.com.co""
        },
        {
            ""key"":""Source-Indicator"",
            ""value"":""volpay-ui""
        },
        {
            ""key"":""InputReferenceCode"",
            ""value"":""BANCITIBAN_SETTLEMENT_NACHAM_UI""
        }
    ]
}"|"BANCITIBAN_SETTLEMENT_NACHAM_UI"|"Payment Instruction"|"BANCITIBAN"|"SETTLEMENT"|"VOLPAYDEPT"|"GLBLOFF"|"COLBR"|""|(BLOB)|""|""|""|""|""|"NACHA"|""|""|"4d0b6396-dc2a-4d16-b549-1b4c11e5b252"|""||175|175|||""|(BLOB)|"CITIBANK"|152670847709.46|0|"20220705-1"|(BLOB)|(BLOB)||"0001009.001.1.env"|"kdelgadillo@achcolombia.com.co"|"0.0"|"152670847709.46"|0|0|0|0|17646643252.47|90442327677.63|0|0
"104562"|06-JUL-22 12.59.40.940000000 AM|"COMPLETED"|48609|48607|2|25|"45fc389a0014"|""|""|"Status changed to COMPLETED"|1|""|"UPLOAD"|"0001001.002.1.env"|"{
    ""TransportType"":""UPLOAD"",
    ""TransportName"":""0001001.002.1.env"",
    ""TransportArrivalTime"":""2022-07-06T00:59:40.936"",
    ""AddtionalProperty"":[
        {
            ""key"":""UserID"",
            ""value"":""kdelgadillo@achcolombia.com.co""
        },
        {
            ""key"":""Source-Indicator"",
            ""value"":""volpay-ui""
        },
        {
            ""key"":""InputReferenceCode"",
            ""value"":""BANBOGOTA_SETTLEMENT_NACHAM_UI""
        }
    ]
}"|"BANBOGOTA_SETTLEMENT_NACHAM_UI"|"Payment Instruction"|"BANBOGOTA"|"SETTLEMENT"|"VOLPAYDEPT"|"GLBLOFF"|"COLBR"|""|(BLOB)|""|""|""|""|""|"NACHA"|""|""|"c0130d4f-2e9d-44d2-80d1-6f3f67b01b3d"|""||31814|31814|||""|(BLOB)|"BOGOTA"|274050445600.49|154279715.32|"20220705-1"|(BLOB)|(BLOB)||"0001001.002.1.env"|"kdelgadillo@achcolombia.com.co"|"154279715.32"|"274050445600.49"|154279715.32|0|154279715.32|0|54618362061.39|219431553822.1|54618362061.39|274049915883.49
"95167"|01-JUL-22 07.07.32.802000000 PM|"REJECTED"|3|0|3|0|"f55fd36d77a4"|""|""|"Status changed to REJECTED"|1|""|"UPLOAD"|"0001009.009.1"|"{
    ""TransportType"":""UPLOAD"",
    ""TransportName"":""0001009.009.1"",
    ""TransportArrivalTime"":""2022-07-01T19:07:32.801"",
    ""AddtionalProperty"":[
        {
            ""key"":""UserID"",
            ""value"":""hquiceno/citibank""
        },
        {
            ""key"":""Source-Indicator"",
            ""value"":""volpay-ui""
        },
        {
            ""key"":""InputReferenceCode"",
            ""value"":""BANCITIBAN_SETTLEMENT_NACHAM_UI""
        }
    ]
}"|"BANCITIBAN_SETTLEMENT_NACHAM_UI"|"Payment Instruction"|"BANCITIBAN"|"SETTLEMENT"|"VOLPAYDEPT"|"GLBLOFF"|"COLBR"|""|(BLOB)|""|""|""|""|""|"NACHA"|""|""|"a72bce13-0649-410e-9825-bfd936210518"|""||1||||""|(BLOB)|"CITIBANK"|0|0|"20220523-1"|(BLOB)|(BLOB)||"0001009.009.1"|"hquiceno/citibank"|"0.0"|"31000070227.24"|0|0|0|0|0|0|0|0
"99881"|04-JUL-22 03.32.43.833000000 PM|"REJECTED"|0|0|0|0|"f58518d6e0f5"|""|""|"13:La fecha de creación del archivo es incorrecta. (línea: 1)|"|1|""|"UPLOAD"|"0001066.001.1.env"|"{
    ""TransportType"":""UPLOAD"",
    ""TransportName"":""0001066.001.1.env"",
    ""TransportArrivalTime"":""2022-07-04T15:32:43.813"",
    ""AddtionalProperty"":[
        {
            ""key"":""UserID"",
            ""value"":""kdelgadillo@achcolombia.com.co""
        },
        {
            ""key"":""Source-Indicator"",
            ""value"":""volpay-ui""
        },
        {
            ""key"":""InputReferenceCode"",
            ""value"":""BANCOOPCENTRAL_SETTLEMENT_NACHAM""
        }
    ]
}"|"BANCOOPCENTRAL_SETTLEMENT_NACHAM"|"Payment Instruction"|"BANCOOPCENTRAL"|"SETTLEMENT"|"VOLPAYDEPT"|"GLBLOFF"|"COLBR"|""|(BLOB)|""|""|""|""|""|""|""|""|"fa14e2e0-4e12-4904-a153-46ba99d729d2"|""||||||""|(BLOB)|""|||"20220701-1"|(BLOB)|(BLOB)||"0001066.001.1.env"|""|""|""||||||||
"95163"|01-JUL-22 06.53.26.461000000 PM|"REJECTED"|0|0|0|0|"f55fd36d77a4"|""|""|"[301: Error while processing the digital envelope. Verify the file is the correct format for the selected type. [Version: 04.00.12] [Version: 04.00.12]]; nested exception is: 
	java.lang.Exception: [301: Error while processing the digital envelope. Verify the file is the correct format for the selected type. [Version: 04.00.12] [Version: 04.00.12]]"|1|""|"UPLOAD"|"0001009.009.1"|"{
    ""TransportType"":""UPLOAD"",
    ""TransportName"":""0001009.009.1"",
    ""TransportArrivalTime"":""2022-07-01T18:53:26.459"",
    ""AddtionalProperty"":[
        {
            ""key"":""UserID"",
            ""value"":""hquiceno/citibank""
        },
        {
            ""key"":""Source-Indicator"",
            ""value"":""volpay-ui""
        },
        {
            ""key"":""InputReferenceCode"",
            ""value"":""BANCITIBAN_SETTLEMENT_NACHAM_UI""
        }
    ]
}"|"BANCITIBAN_SETTLEMENT_NACHAM_UI"|"Payment Instruction"|"BANCITIBAN"|"SETTLEMENT"|"VOLPAYDEPT"|"GLBLOFF"|"COLBR"|""|(BLOB)|""|""|""|""|""|""|""|""|"13f9b3ab-ed29-4f4b-9269-ddb49ea1ded1"|""||||||""|(BLOB)|""|||"20220523-1"|(BLOB)|(BLOB)||"0001009.009.1"|""|""|""||||||||
"95164"|01-JUL-22 06.55.53.281000000 PM|"REJECTED"|0|0|0|0|"f55fd36d77a4"|""|""|"[301: Error while processing the digital envelope. Verify the file is the correct format for the selected type. [Version: 04.00.12] [Version: 04.00.12]]; nested exception is: 
	java.lang.Exception: [301: Error while processing the digital envelope. Verify the file is the correct format for the selected type. [Version: 04.00.12] [Version: 04.00.12]]"|1|""|"UPLOAD"|"0001009.009.1"|"{
    ""TransportType"":""UPLOAD"",
    ""TransportName"":""0001009.009.1"",
    ""TransportArrivalTime"":""2022-07-01T18:55:53.275"",
    ""AddtionalProperty"":[
        {
            ""key"":""UserID"",
            ""value"":""hquiceno/citibank""
        },
        {
            ""key"":""Source-Indicator"",
            ""value"":""volpay-ui""
        },
        {
            ""key"":""InputReferenceCode"",
            ""value"":""BANCITIBAN_SETTLEMENT_NACHAM_UI""
        }
    ]
}"|"BANCITIBAN_SETTLEMENT_NACHAM_UI"|"Payment Instruction"|"BANCITIBAN"|"SETTLEMENT"|"VOLPAYDEPT"|"GLBLOFF"|"COLBR"|""|(BLOB)|""|""|""|""|""|""|""|""|"464ebdd5-2159-4ba3-ab8e-d8acd99bd535"|""||||||""|(BLOB)|""|||"20220523-1"|(BLOB)|(BLOB)||"0001009.009.1"|""|""|""||||||||
"103521"|05-JUL-22 07.36.04.546000000 PM|"REJECTED"|0|0|0|0|"20e8edc94e68"|""|""|"¡Cierre de ciclo en proceso! \n \n Por favor, cargue sus archivos en el siguiente ciclo."|1|""|"UPLOAD"|"0001002.008.1"|"{
    ""TransportType"":""UPLOAD"",
    ""TransportName"":""0001002.008.1"",
    ""TransportArrivalTime"":""2022-07-05T19:36:04.521"",
    ""AddtionalProperty"":[
        {
            ""key"":""UserID"",
            ""value"":""edbarraza@achcolombia.com.co""
        },
        {
            ""key"":""Source-Indicator"",
            ""value"":""volpay-ui""
        },
        {
            ""key"":""InputReferenceCode"",
            ""value"":""BANPOPULAR_SETTLEMENT_NACHAM_UI""
        }
    ]
}"|"BANPOPULAR_SETTLEMENT_NACHAM_UI"|"Payment Instruction"|"BANPOPULAR"|"SETTLEMENT"|"VOLPAYDEPT"|"GLBLOFF"|"COLBR"|""|(BLOB)|""|""|""|""|""|""|""|""|"13c59107-bf9e-41c0-85e7-d9da055c5de3"|""||||||""|(BLOB)|""|||""|(BLOB)|(BLOB)||""|""|""|""||||||||
"103523"|05-JUL-22 09.50.25.721000000 PM|"REJECTED"|88492|7655|80831|12|"20e8edc94e68"|""|""|"Status changed to REJECTED"|1|""|"UPLOAD"|"0001009.001.1.env"|"{
    ""TransportType"":""UPLOAD"",
    ""TransportName"":""0001009.001.1.env"",
    ""TransportArrivalTime"":""2022-07-05T21:50:25.720"",
    ""AddtionalProperty"":[
        {
            ""key"":""UserID"",
            ""value"":""kdelgadillo@achcolombia.com.co""
        },
        {
            ""key"":""Source-Indicator"",
            ""value"":""volpay-ui""
        },
        {
            ""key"":""InputReferenceCode"",
            ""value"":""BANCITIBAN_SETTLEMENT_NACHAM_UI""
        }
    ]
}"|"BANCITIBAN_SETTLEMENT_NACHAM_UI"|"Payment Instruction"|"BANCITIBAN"|"SETTLEMENT"|"VOLPAYDEPT"|"GLBLOFF"|"COLBR"|""|(BLOB)|""|""|""|""|""|"NACHA"|""|""|"d95bf24c-5f82-4a29-8ac6-f694bc813dfc"|""||175|175|||""|(BLOB)|"CITIBANK"|152670847709.46|0|"20220705-1"|(BLOB)|(BLOB)||"0001009.001.1.env"|"kdelgadillo@achcolombia.com.co"|"0.0"|"152670847709.46"|0|0|0|0|17646643252.47|90442327677.63|0|0
"106601"|06-JUL-22 03.22.18.204000000 PM|"REJECTED"|0|0|0|0|"0196be213cfd"|""|""|"¡Cierre de ciclo en proceso! \n \n Por favor, cargue sus archivos en el siguiente ciclo."|1|""|"UPLOAD"|"0001001.001.1.env"|"{
    ""TransportType"":""UPLOAD"",
    ""TransportName"":""0001001.001.1.env"",
    ""TransportArrivalTime"":""2022-07-06T15:22:18.190"",
    ""AddtionalProperty"":[
        {
            ""key"":""UserID"",
            ""value"":""kdelgadillo@achcolombia.com.co""
        },
        {
            ""key"":""Source-Indicator"",
            ""value"":""volpay-ui""
        },
        {
            ""key"":""InputReferenceCode"",
            ""value"":""BANBOGOTA_SETTLEMENT_NACHAM_UI""
        }
    ]
}"|"BANBOGOTA_SETTLEMENT_NACHAM_UI"|"Payment Instruction"|"BANBOGOTA"|"SETTLEMENT"|"VOLPAYDEPT"|"GLBLOFF"|"COLBR"|""|(BLOB)|""|""|""|""|""|""|""|""|"d1b54e00-30a4-4365-a5a4-fea8095c81c7"|""||||||""|(BLOB)|""|||""|(BLOB)|(BLOB)||""|""|""|""||||||||
"106602"|06-JUL-22 03.23.07.185000000 PM|"COMPLETED"|1702|1702|0|0|"0196be213cfd"|""|""|"Status changed to COMPLETED"|1|""|"UPLOAD"|"0001001.001.1.env"|"{
    ""TransportType"":""UPLOAD"",
    ""TransportName"":""0001001.001.1.env"",
    ""TransportArrivalTime"":""2022-07-06T15:23:07.183"",
    ""AddtionalProperty"":[
        {
            ""key"":""UserID"",
            ""value"":""kdelgadillo@achcolombia.com.co""
        },
        {
            ""key"":""Source-Indicator"",
            ""value"":""volpay-ui""
        },
        {
            ""key"":""InputReferenceCode"",
            ""value"":""BANBOGOTA_SETTLEMENT_NACHAM_UI""
        }
    ]
}"|"BANBOGOTA_SETTLEMENT_NACHAM_UI"|"Payment Instruction"|"BANBOGOTA"|"SETTLEMENT"|"VOLPAYDEPT"|"GLBLOFF"|"COLBR"|""|(BLOB)|""|""|""|""|""|"NACHA"|""|""|"de52a3b5-b818-4ed2-92d0-879c56c86b8b"|""||204|204|||""|(BLOB)|"BOGOTA"|902622042.13|274710254|"20220705-1"|(BLOB)|(BLOB)||"0001001.001.1.env"|"kdelgadillo@achcolombia.com.co"|"274710254.0"|"902622042.13"|274710254|0|274710254|0|0|902622042.13|0|902622042.13
"106603"|06-JUL-22 03.27.17.448000000 PM|"REJECTED"|0|0|0|0|"0196be213cfd"|""|""|"101:El archivo ya había sido enviado. No se cargó su información.|"|1|""|"UPLOAD"|"0001001.001.1.env"|"{
    ""TransportType"":""UPLOAD"",
    ""TransportName"":""0001001.001.1.env"",
    ""TransportArrivalTime"":""2022-07-06T15:27:17.447"",
    ""AddtionalProperty"":[
        {
            ""key"":""UserID"",
            ""value"":""svalle@achcolombia.com.co""
        },
        {
            ""key"":""Source-Indicator"",
            ""value"":""volpay-ui""
        },
        {
            ""key"":""InputReferenceCode"",
            ""value"":""BANBOGOTA_SETTLEMENT_NACHAM_UI""
        }
    ]
}"|"BANBOGOTA_SETTLEMENT_NACHAM_UI"|"Payment Instruction"|"BANBOGOTA"|"SETTLEMENT"|"VOLPAYDEPT"|"GLBLOFF"|"COLBR"|""|(BLOB)|""|""|""|""|""|""|""|""|"996fb7f7-e1b3-42e1-b35e-4bca46e4e369"|""||||||""|(BLOB)|""|||"20220705-1"|(BLOB)|(BLOB)||"0001001.001.1.env"|""|""|""||||||||
"106604"|06-JUL-22 03.29.22.563000000 PM|"COMPLETED"|2130|2130|0|0|"0196be213cfd"|""|""|"Status changed to COMPLETED"|1|""|"UPLOAD"|"0001001.004.1.env"|"{
    ""TransportType"":""UPLOAD"",
    ""TransportName"":""0001001.004.1.env"",
    ""TransportArrivalTime"":""2022-07-06T15:29:22.562"",
    ""AddtionalProperty"":[
        {
            ""key"":""UserID"",
            ""value"":""svalle@achcolombia.com.co""
        },
        {
            ""key"":""Source-Indicator"",
            ""value"":""volpay-ui""
        },
        {
            ""key"":""InputReferenceCode"",
            ""value"":""BANBOGOTA_SETTLEMENT_NACHAM_UI""
        }
    ]
}"|"BANBOGOTA_SETTLEMENT_NACHAM_UI"|"Payment Instruction"|"BANBOGOTA"|"SETTLEMENT"|"VOLPAYDEPT"|"GLBLOFF"|"COLBR"|""|(BLOB)|""|""|""|""|""|"NACHA"|""|""|"2c6d2a67-c673-4893-8387-c6537e99f545"|""||2101|2101|||""|(BLOB)|"BOGOTA"|0|0|"20220705-1"|(BLOB)|(BLOB)||"0001001.004.1.env"|"svalle@achcolombia.com.co"|"0.0"|"0.0"|0|0|0|0|0|0|0|0
"106623"|06-JUL-22 03.31.23.642000000 PM|"REJECTED"|0|0|0|0|"c5ee1e95d496"|""|""|"El archivo debe estar SIN CIFRAR para realizar el cargue"|1|""|"UPLOAD"|"0001002.003.1.env"|"{
    ""TransportType"":""UPLOAD"",
    ""TransportName"":""0001002.003.1.env"",
    ""TransportArrivalTime"":""2022-07-06T15:31:23.637"",
    ""AddtionalProperty"":[
        {
            ""key"":""UserID"",
            ""value"":""svalle@achcolombia.com.co""
        },
        {
            ""key"":""Source-Indicator"",
            ""value"":""volpay-ui""
        },
        {
            ""key"":""InputReferenceCode"",
            ""value"":""BANPOPULAR_SETTLEMENT_NACHAM_UI""
        }
    ]
}"|"BANPOPULAR_SETTLEMENT_NACHAM_UI"|"Payment Instruction"|"BANPOPULAR"|"SETTLEMENT"|"VOLPAYDEPT"|"GLBLOFF"|"COLBR"|""|(BLOB)|""|""|""|""|""|""|""|""|"0fd5f1ae-3f39-4a8a-97b1-6b32b227ed08"|""||||||""|(BLOB)|""|||"20220705-1"|(BLOB)|(BLOB)||"0001002.003.1.env"|""|""|""||||||||
"106608"|06-JUL-22 03.34.43.108000000 PM|"COMPLETED"|4380|4380|0|4|"0196be213cfd"|""|""|"Status changed to COMPLETED"|1|""|"UPLOAD"|"0001052.002.1.env"|"{
    ""TransportType"":""UPLOAD"",
    ""TransportName"":""0001052.002.1.env"",
    ""TransportArrivalTime"":""2022-07-06T15:34:43.106"",
    ""AddtionalProperty"":[
        {
            ""key"":""UserID"",
            ""value"":""vgaviria@achcolombia.com.co""
        },
        {
            ""key"":""Source-Indicator"",
            ""value"":""volpay-ui""
        },
        {
            ""key"":""InputReferenceCode"",
            ""value"":""BANAVVILLA_SETTLEMENT_NACHAM_UI""
        }
    ]
}"|"BANAVVILLA_SETTLEMENT_NACHAM_UI"|"Payment Instruction"|"BANAVVILLA"|"SETTLEMENT"|"VOLPAYDEPT"|"GLBLOFF"|"COLBR"|""|(BLOB)|""|""|""|""|""|"NACHA"|""|""|"f6233750-bebb-4fce-bd0e-2d0934d67327"|""||1656|1656|||""|(BLOB)|"AV VILLAS"|22850504866.99|0|"20220705-1"|(BLOB)|(BLOB)||"0001052.002.1.env"|"vgaviria@achcolombia.com.co"|"0.0"|"22850504866.99"|0|0|0|0|7923772433.22|14926732433.77|7923772433.22|22850504866.99
"106605"|06-JUL-22 03.30.35.020000000 PM|"COMPLETED"|135|135|0|0|"0196be213cfd"|""|""|"Status changed to COMPLETED"|1|""|"UPLOAD"|"0001292.001.1.env"|"{
    ""TransportType"":""UPLOAD"",
    ""TransportName"":""0001292.001.1.env"",
    ""TransportArrivalTime"":""2022-07-06T15:30:35.016"",
    ""AddtionalProperty"":[
        {
            ""key"":""UserID"",
            ""value"":""kdelgadillo@achcolombia.com.co""
        },
        {
            ""key"":""Source-Indicator"",
            ""value"":""volpay-ui""
        },
        {
            ""key"":""InputReferenceCode"",
            ""value"":""BANCONFIAR_SETTLEMENT_NACHAM""
        }
    ]
}"|"BANCONFIAR_SETTLEMENT_NACHAM"|"Payment Instruction"|"BANCONFIAR"|"SETTLEMENT"|"VOLPAYDEPT"|"GLBLOFF"|"COLBR"|""|(BLOB)|""|""|""|""|""|"NACHA"|""|""|"c9c098e9-0c22-4795-b0b1-347a714e603c"|""||98|98|||""|(BLOB)|"CONFIAR"|209729982|0|"20220705-1"|(BLOB)|(BLOB)||"0001292.001.1.env"|"kdelgadillo@achcolombia.com.co"|"0.0"|"209729982.0"|0|0|0|0|0|209729982|0|209729982
"106627"|06-JUL-22 03.35.10.619000000 PM|"COMPLETED"|11510|11510|0|16|"c5ee1e95d496"|""|""|"Status changed to COMPLETED"|1|""|"UPLOAD"|"0001009.001.1.env"|"{
    ""TransportType"":""UPLOAD"",
    ""TransportName"":""0001009.001.1.env"",
    ""TransportArrivalTime"":""2022-07-06T15:35:10.614"",
    ""AddtionalProperty"":[
        {
            ""key"":""UserID"",
            ""value"":""svalle@achcolombia.com.co""
        },
        {
            ""key"":""Source-Indicator"",
            ""value"":""volpay-ui""
        },
        {
            ""key"":""InputReferenceCode"",
            ""value"":""BANCITIBAN_SETTLEMENT_NACHAM_UI""
        }
    ]
}"|"BANCITIBAN_SETTLEMENT_NACHAM_UI"|"Payment Instruction"|"BANCITIBAN"|"SETTLEMENT"|"VOLPAYDEPT"|"GLBLOFF"|"COLBR"|""|(BLOB)|""|""|""|""|""|"NACHA"|""|""|"8e2c534b-fe4b-4b12-ac47-6feb138caca0"|""||147|147|||""|(BLOB)|"CITIBANK"|195938443322.06|200000|"20220705-1"|(BLOB)|(BLOB)||"0001009.001.1.env"|"svalle@achcolombia.com.co"|"200000.0"|"195938443322.06"|200000|0|200000|0|67746343529.7|128192099792.36|67746343529.7|195938443322.06
"106607"|06-JUL-22 03.31.25.028000000 PM|"COMPLETED"|159|159|0|0|"0196be213cfd"|""|""|"Status changed to COMPLETED"|1|""|"UPLOAD"|"0001303.001.1.env"|"{
    ""TransportType"":""UPLOAD"",
    ""TransportName"":""0001303.001.1.env"",
    ""TransportArrivalTime"":""2022-07-06T15:31:25.026"",
    ""AddtionalProperty"":[
        {
            ""key"":""UserID"",
            ""value"":""kdelgadillo@achcolombia.com.co""
        },
        {
            ""key"":""Source-Indicator"",
            ""value"":""volpay-ui""
        },
        {
            ""key"":""InputReferenceCode"",
            ""value"":""BANGIROSYFIN_SETTLEMENT_NACHAM""
        }
    ]
}"|"BANGIROSYFIN_SETTLEMENT_NACHAM"|"Payment Instruction"|"BANGIROSYFIN"|"SETTLEMENT"|"VOLPAYDEPT"|"GLBLOFF"|"COLBR"|""|(BLOB)|""|""|""|""|""|"NACHA"|""|""|"928b71cf-bcef-4781-88eb-9f53a11040b5"|""||159|159|||""|(BLOB)|"GIROS Y FINANZAS"|136034138|0|"20220705-1"|(BLOB)|(BLOB)||"0001303.001.1.env"|"kdelgadillo@achcolombia.com.co"|"0.0"|"136034138.0"|0|0|0|0|0|136034138|0|136034138
"106626"|06-JUL-22 03.34.19.300000000 PM|"COMPLETED"|19|19|0|0|"c5ee1e95d496"|""|""|"Status changed to COMPLETED"|1|""|"UPLOAD"|"0001052.001.1.env"|"{
    ""TransportType"":""UPLOAD"",
    ""TransportName"":""0001052.001.1.env"",
    ""TransportArrivalTime"":""2022-07-06T15:34:19.295"",
    ""AddtionalProperty"":[
        {
            ""key"":""UserID"",
            ""value"":""vgaviria@achcolombia.com.co""
        },
        {
            ""key"":""Source-Indicator"",
            ""value"":""volpay-ui""
        },
        {
            ""key"":""InputReferenceCode"",
            ""value"":""BANAVVILLA_SETTLEMENT_NACHAM_UI""
        }
    ]
}"|"BANAVVILLA_SETTLEMENT_NACHAM_UI"|"Payment Instruction"|"BANAVVILLA"|"SETTLEMENT"|"VOLPAYDEPT"|"GLBLOFF"|"COLBR"|""|(BLOB)|""|""|""|""|""|"NACHA"|""|""|"5d282a6f-c1ec-41f4-b2be-65bb230813ca"|""||19|19|||""|(BLOB)|"AV VILLAS"|3241055|0|"20220705-1"|(BLOB)|(BLOB)||"0001052.001.1.env"|"vgaviria@achcolombia.com.co"|"0.0"|"3241055.0"|0|0|0|0|0|3241055|0|3241055
"106606"|06-JUL-22 03.30.54.523000000 PM|"REJECTED"|0|0|0|0|"0196be213cfd"|""|""|"El archivo debe estar SIN CIFRAR para realizar el cargue"|1|""|"UPLOAD"|"0001002.002.1.env"|"{
    ""TransportType"":""UPLOAD"",
    ""TransportName"":""0001002.002.1.env"",
    ""TransportArrivalTime"":""2022-07-06T15:30:54.520"",
    ""AddtionalProperty"":[
        {
            ""key"":""UserID"",
            ""value"":""svalle@achcolombia.com.co""
        },
        {
            ""key"":""Source-Indicator"",
            ""value"":""volpay-ui""
        },
        {
            ""key"":""InputReferenceCode"",
            ""value"":""BANPOPULAR_SETTLEMENT_NACHAM_UI""
        }
    ]
}"|"BANPOPULAR_SETTLEMENT_NACHAM_UI"|"Payment Instruction"|"BANPOPULAR"|"SETTLEMENT"|"VOLPAYDEPT"|"GLBLOFF"|"COLBR"|""|(BLOB)|""|""|""|""|""|""|""|""|"07138487-ed8e-456f-9cfe-75d22693ea71"|""||||||""|(BLOB)|""|||"20220705-1"|(BLOB)|(BLOB)||"0001002.002.1.env"|""|""|""||||||||
"106624"|06-JUL-22 03.32.06.048000000 PM|"COMPLETED"|23|23|0|0|"c5ee1e95d496"|""|""|"Status changed to COMPLETED"|1|""|"UPLOAD"|"0001370.001.1.env"|"{
    ""TransportType"":""UPLOAD"",
    ""TransportName"":""0001370.001.1.env"",
    ""TransportArrivalTime"":""2022-07-06T15:32:06.042"",
    ""AddtionalProperty"":[
        {
            ""key"":""UserID"",
            ""value"":""kdelgadillo@achcolombia.com.co""
        },
        {
            ""key"":""Source-Indicator"",
            ""value"":""volpay-ui""
        },
        {
            ""key"":""InputReferenceCode"",
            ""value"":""BANCOLTEFINANCIERA_SETTLEMENT_NACHAM""
        }
    ]
}"|"BANCOLTEFINANCIERA_SETTLEMENT_NACHAM"|"Payment Instruction"|"BANCOLTEFINANCIERA"|"SETTLEMENT"|"VOLPAYDEPT"|"GLBLOFF"|"COLBR"|""|(BLOB)|""|""|""|""|""|"NACHA"|""|""|"e6a85dfd-704f-477f-9171-47665d8818e4"|""||23|23|||""|(BLOB)|"COLTEFINANCIERA"|1531567775|0|"20220705-1"|(BLOB)|(BLOB)||"0001370.001.1.env"|"kdelgadillo@achcolombia.com.co"|"0.0"|"1531567775.0"|0|0|0|0|0|1531567775|0|1531567775
"106621"|06-JUL-22 03.28.20.157000000 PM|"COMPLETED"|25067|25064|3|13|"c5ee1e95d496"|""|""|"Status changed to COMPLETED"|1|""|"UPLOAD"|"0001001.002.1.env"|"{
    ""TransportType"":""UPLOAD"",
    ""TransportName"":""0001001.002.1.env"",
    ""TransportArrivalTime"":""2022-07-06T15:28:20.141"",
    ""AddtionalProperty"":[
        {
            ""key"":""UserID"",
            ""value"":""svalle@achcolombia.com.co""
        },
        {
            ""key"":""Source-Indicator"",
            ""value"":""volpay-ui""
        },
        {
            ""key"":""InputReferenceCode"",
            ""value"":""BANBOGOTA_SETTLEMENT_NACHAM_UI""
        }
    ]
}"|"BANBOGOTA_SETTLEMENT_NACHAM_UI"|"Payment Instruction"|"BANBOGOTA"|"SETTLEMENT"|"VOLPAYDEPT"|"GLBLOFF"|"COLBR"|""|(BLOB)|""|""|""|""|""|"NACHA"|""|""|"77c6ed18-ec76-4e15-975e-3fdb1bab0822"|""||12744|12744|||""|(BLOB)|"BOGOTA"|335988905501.76|112122378|"20220705-1"|(BLOB)|(BLOB)||"0001001.002.1.env"|"svalle@achcolombia.com.co"|"112122378.0"|"335988905501.76"|112122378|0|112122378|0|61402613520|124273361633.76|61402613520|185675975153.76
"106622"|06-JUL-22 03.29.00.253000000 PM|"COMPLETED"|15|15|0|0|"c5ee1e95d496"|""|""|"Status changed to COMPLETED"|1|""|"UPLOAD"|"0001001.003.1.env"|"{
    ""TransportType"":""UPLOAD"",
    ""TransportName"":""0001001.003.1.env"",
    ""TransportArrivalTime"":""2022-07-06T15:29:00.252"",
    ""AddtionalProperty"":[
        {
            ""key"":""UserID"",
            ""value"":""svalle@achcolombia.com.co""
        },
        {
            ""key"":""Source-Indicator"",
            ""value"":""volpay-ui""
        },
        {
            ""key"":""InputReferenceCode"",
            ""value"":""BANBOGOTA_SETTLEMENT_NACHAM_UI""
        }
    ]
}"|"BANBOGOTA_SETTLEMENT_NACHAM_UI"|"Payment Instruction"|"BANBOGOTA"|"SETTLEMENT"|"VOLPAYDEPT"|"GLBLOFF"|"COLBR"|""|(BLOB)|""|""|""|""|""|"NACHA"|""|""|"4716a013-6d2f-48b6-94be-c39ee901da6e"|""||14|14|||""|(BLOB)|"BOGOTA"|0|0|"20220705-1"|(BLOB)|(BLOB)||"0001001.003.1.env"|"svalle@achcolombia.com.co"|"0.0"|"0.0"|0|0|0|0|0|0|0|0
"106610"|06-JUL-22 03.35.24.756000000 PM|"COMPLETED"|29|29|0|0|"0196be213cfd"|""|""|"Status changed to COMPLETED"|1|""|"UPLOAD"|"0001551.001.1.env"|"{
    ""TransportType"":""UPLOAD"",
    ""TransportName"":""0001551.001.1.env"",
    ""TransportArrivalTime"":""2022-07-06T15:35:24.754"",
    ""AddtionalProperty"":[
        {
            ""key"":""UserID"",
            ""value"":""kdelgadillo@achcolombia.com.co""
        },
        {
            ""key"":""Source-Indicator"",
            ""value"":""volpay-ui""
        },
        {
            ""key"":""InputReferenceCode"",
            ""value"":""BANDAVIPLATA_SETTLEMENT_NACHAM""
        }
    ]
}"|"BANDAVIPLATA_SETTLEMENT_NACHAM"|"Payment Instruction"|"BANDAVIPLATA"|"SETTLEMENT"|"VOLPAYDEPT"|"GLBLOFF"|"COLBR"|""|(BLOB)|""|""|""|""|""|"NACHA"|""|""|"d69e041d-acea-4a3f-99aa-9c83f9572d44"|""||16|16|||""|(BLOB)|"DAVIPLATA"|1297512|0|"20220705-1"|(BLOB)|(BLOB)||"0001551.001.1.env"|"kdelgadillo@achcolombia.com.co"|"0.0"|"1297512.0"|0|0|0|0|0|1297512|0|1297512
"106628"|06-JUL-22 03.35.38.147000000 PM|"COMPLETED"|2331|2331|0|0|"c5ee1e95d496"|""|""|"Status changed to COMPLETED"|1|""|"UPLOAD"|"0001009.002.1.env"|"{
    ""TransportType"":""UPLOAD"",
    ""TransportName"":""0001009.002.1.env"",
    ""TransportArrivalTime"":""2022-07-06T15:35:38.146"",
    ""AddtionalProperty"":[
        {
            ""key"":""UserID"",
            ""value"":""svalle@achcolombia.com.co""
        },
        {
            ""key"":""Source-Indicator"",
            ""value"":""volpay-ui""
        },
        {
            ""key"":""InputReferenceCode"",
            ""value"":""BANCITIBAN_SETTLEMENT_NACHAM_UI""
        }
    ]
}"|"BANCITIBAN_SETTLEMENT_NACHAM_UI"|"Payment Instruction"|"BANCITIBAN"|"SETTLEMENT"|"VOLPAYDEPT"|"GLBLOFF"|"COLBR"|""|(BLOB)|""|""|""|""|""|"NACHA"|""|""|"414c542a-86b9-49f3-a2e8-0a1f457f63d4"|""||5|5|||""|(BLOB)|"CITIBANK"|1212530086.15|0|"20220705-1"|(BLOB)|(BLOB)||"0001009.002.1.env"|"svalle@achcolombia.com.co"|"0.0"|"1212530086.15"|0|0|0|0|0|1212530086.15|0|1212530086.15
"106611"|06-JUL-22 03.36.53.971000000 PM|"COMPLETED"|835|834|1|0|"0196be213cfd"|""|""|"Status changed to COMPLETED"|1|""|"UPLOAD"|"0001012.022.1.env"|"{
    ""TransportType"":""UPLOAD"",
    ""TransportName"":""0001012.022.1.env"",
    ""TransportArrivalTime"":""2022-07-06T15:36:53.968"",
    ""AddtionalProperty"":[
        {
            ""key"":""UserID"",
            ""value"":""svalle@achcolombia.com.co""
        },
        {
            ""key"":""Source-Indicator"",
            ""value"":""volpay-ui""
        },
        {
            ""key"":""InputReferenceCode"",
            ""value"":""BANSUDAMER_SETTLEMENT_NACHAM_UI""
        }
    ]
}"|"BANSUDAMER_SETTLEMENT_NACHAM_UI"|"Payment Instruction"|"BANSUDAMER"|"SETTLEMENT"|"VOLPAYDEPT"|"GLBLOFF"|"COLBR"|""|(BLOB)|""|""|""|""|""|"NACHA"|""|""|"28b53861-ccf9-43a7-9f3a-39323c3d9298"|""||684|684|||""|(BLOB)|"SUDAMERIS"|976762980.1|0|"20220705-1"|(BLOB)|(BLOB)||"0001012.022.1.env"|"svalle@achcolombia.com.co"|"0.0"|"976762980.1"|0|0|0|0|0|976206980.1|0|976206980.1
"106612"|06-JUL-22 03.37.53.344000000 PM|"COMPLETED"|253|253|0|0|"0196be213cfd"|""|""|"Status changed to COMPLETED"|1|""|"UPLOAD"|"0001059.001.1.env"|"{
    ""TransportType"":""UPLOAD"",
    ""TransportName"":""0001059.001.1.env"",
    ""TransportArrivalTime"":""2022-07-06T15:37:53.342"",
    ""AddtionalProperty"":[
        {
            ""key"":""UserID"",
            ""value"":""vgaviria@achcolombia.com.co""
        },
        {
            ""key"":""Source-Indicator"",
            ""value"":""volpay-ui""
        },
        {
            ""key"":""InputReferenceCode"",
            ""value"":""BANBANCAMI_SETTLEMENT_NACHAM_UI""
        }
    ]
}"|"BANBANCAMI_SETTLEMENT_NACHAM_UI"|"Payment Instruction"|"BANBANCAMI"|"SETTLEMENT"|"VOLPAYDEPT"|"GLBLOFF"|"COLBR"|""|(BLOB)|""|""|""|""|""|"NACHA"|""|""|"1fd0559b-54bf-4429-9499-1d1d0ef1011e"|""||191|191|||""|(BLOB)|"BANCAMIA"|220016433|0|"20220705-1"|(BLOB)|(BLOB)||"0001059.001.1.env"|"vgaviria@achcolombia.com.co"|"0.0"|"220016433.0"|0|0|0|0|0|220016433|0|220016433
"106631"|06-JUL-22 03.39.05.333000000 PM|"COMPLETED"|3991|3967|24|0|"c5ee1e95d496"|""|""|"Status changed to COMPLETED"|1|""|"UPLOAD"|"0001061.002.1.env"|"{
    ""TransportType"":""UPLOAD"",
    ""TransportName"":""0001061.002.1.env"",
    ""TransportArrivalTime"":""2022-07-06T15:39:05.328"",
    ""AddtionalProperty"":[
        {
            ""key"":""UserID"",
            ""value"":""vgaviria@achcolombia.com.co""
        },
        {
            ""key"":""Source-Indicator"",
            ""value"":""volpay-ui""
        },
        {
            ""key"":""InputReferenceCode"",
            ""value"":""BANBANCOOMEVA_SETTLEMENT_NACHAM""
        }
    ]
}"|"BANBANCOOMEVA_SETTLEMENT_NACHAM"|"Payment Instruction"|"BANBANCOOMEVA"|"SETTLEMENT"|"VOLPAYDEPT"|"GLBLOFF"|"COLBR"|""|(BLOB)|""|""|""|""|""|"NACHA"|""|""|"2225b1f3-89c3-48ca-86da-5b6159576d66"|""||3181|3181|||""|(BLOB)|"BANCOOMEVA"|4283939304|3541153263|"20220705-1"|(BLOB)|(BLOB)||"0001061.002.1.env"|"vgaviria@achcolombia.com.co"|"3541153263.0"|"4283939304.0"|3530781932|0|3530781932|0|0|4283939304|0|4283939304
"106632"|06-JUL-22 03.39.11.197000000 PM|"COMPLETED"|19|19|0|0|"c5ee1e95d496"|""|""|"Status changed to COMPLETED"|1|""|"UPLOAD"|"0001061.003.1.env"|"{
    ""TransportType"":""UPLOAD"",
    ""TransportName"":""0001061.003.1.env"",
    ""TransportArrivalTime"":""2022-07-06T15:39:11.196"",
    ""AddtionalProperty"":[
        {
            ""key"":""UserID"",
            ""value"":""vgaviria@achcolombia.com.co""
        },
        {
            ""key"":""Source-Indicator"",
            ""value"":""volpay-ui""
        },
        {
            ""key"":""InputReferenceCode"",
            ""value"":""BANBANCOOMEVA_SETTLEMENT_NACHAM""
        }
    ]
}"|"BANBANCOOMEVA_SETTLEMENT_NACHAM"|"Payment Instruction"|"BANBANCOOMEVA"|"SETTLEMENT"|"VOLPAYDEPT"|"GLBLOFF"|"COLBR"|""|(BLOB)|""|""|""|""|""|"NACHA"|""|""|"539471d1-f362-4906-8afd-ce861c2a4886"|""||14|14|||""|(BLOB)|"BANCOOMEVA"|623328655.66|0|"20220705-1"|(BLOB)|(BLOB)||"0001061.003.1.env"|"vgaviria@achcolombia.com.co"|"0.0"|"623328655.66"|0|0|0|0|0|623328655.66|0|623328655.66
"106625"|06-JUL-22 03.34.13.636000000 PM|"COMPLETED"|6993|6993|0|0|"c5ee1e95d496"|""|""|"Status changed to COMPLETED"|1|""|"UPLOAD"|"0001006.001.1.env"|"{
    ""TransportType"":""UPLOAD"",
    ""TransportName"":""0001006.001.1.env"",
    ""TransportArrivalTime"":""2022-07-06T15:34:13.630"",
    ""AddtionalProperty"":[
        {
            ""key"":""UserID"",
            ""value"":""svalle@achcolombia.com.co""
        },
        {
            ""key"":""Source-Indicator"",
            ""value"":""volpay-ui""
        },
        {
            ""key"":""InputReferenceCode"",
            ""value"":""BANITAU_SETTLEMENT_NACHAM_UI""
        }
    ]
}"|"BANITAU_SETTLEMENT_NACHAM_UI"|"Payment Instruction"|"BANITAU"|"SETTLEMENT"|"VOLPAYDEPT"|"GLBLOFF"|"COLBR"|""|(BLOB)|""|""|""|""|""|"NACHA"|""|""|"2bdeae44-9e73-400c-a467-90e753774b48"|""||5312|5312|||""|(BLOB)|"ITAU"|13384058150.91|0|"20220705-1"|(BLOB)|(BLOB)||"0001006.001.1.env"|"svalle@achcolombia.com.co"|"0.0"|"13384058150.91"|0|0|0|0|0|13384058150.91|0|13384058150.91
"106629"|06-JUL-22 03.36.33.321000000 PM|"COMPLETED"|975|975|0|0|"c5ee1e95d496"|""|""|"Status changed to COMPLETED"|1|""|"UPLOAD"|"0001012.021.1.env"|"{
    ""TransportType"":""UPLOAD"",
    ""TransportName"":""0001012.021.1.env"",
    ""TransportArrivalTime"":""2022-07-06T15:36:33.316"",
    ""AddtionalProperty"":[
        {
            ""key"":""UserID"",
            ""value"":""svalle@achcolombia.com.co""
        },
        {
            ""key"":""Source-Indicator"",
            ""value"":""volpay-ui""
        },
        {
            ""key"":""InputReferenceCode"",
            ""value"":""BANSUDAMER_SETTLEMENT_NACHAM_UI""
        }
    ]
}"|"BANSUDAMER_SETTLEMENT_NACHAM_UI"|"Payment Instruction"|"BANSUDAMER"|"SETTLEMENT"|"VOLPAYDEPT"|"GLBLOFF"|"COLBR"|""|(BLOB)|""|""|""|""|""|"NACHA"|""|""|"30e651c4-dd25-4314-9ebc-a59ac911042c"|""||79|79|||""|(BLOB)|"SUDAMERIS"|4373471185.04|0|"20220705-1"|(BLOB)|(BLOB)||"0001012.021.1.env"|"svalle@achcolombia.com.co"|"0.0"|"4373471185.04"|0|0|0|0|0|4373471185.04|0|4373471185.04
"106609"|06-JUL-22 03.35.15.838000000 PM|"COMPLETED"|8|8|0|0|"0196be213cfd"|""|""|"Status changed to COMPLETED"|1|""|"UPLOAD"|"0001053.001.1.env"|"{
    ""TransportType"":""UPLOAD"",
    ""TransportName"":""0001053.001.1.env"",
    ""TransportArrivalTime"":""2022-07-06T15:35:15.835"",
    ""AddtionalProperty"":[
        {
            ""key"":""UserID"",
            ""value"":""vgaviria@achcolombia.com.co""
        },
        {
            ""key"":""Source-Indicator"",
            ""value"":""volpay-ui""
        },
        {
            ""key"":""InputReferenceCode"",
            ""value"":""BANBANCOW_SETTLEMENT_NACHAM_UI""
        }
    ]
}"|"BANBANCOW_SETTLEMENT_NACHAM_UI"|"Payment Instruction"|"BANBANCOW"|"SETTLEMENT"|"VOLPAYDEPT"|"GLBLOFF"|"COLBR"|""|(BLOB)|""|""|""|""|""|"NACHA"|""|""|"ab1e2a2c-51d0-44ce-9564-b363f896602c"|""||6|6|||""|(BLOB)|"BANCO W S.A."|25151264|0|"20220705-1"|(BLOB)|(BLOB)||"0001053.001.1.env"|"vgaviria@achcolombia.com.co"|"0.0"|"25151264.0"|0|0|0|0|0|25151264|0|25151264
"106630"|06-JUL-22 03.38.23.373000000 PM|"COMPLETED"|1|1|0|0|"c5ee1e95d496"|""|""|"Status changed to COMPLETED"|1|""|"UPLOAD"|"0001060.001.1.env"|"{
    ""TransportType"":""UPLOAD"",
    ""TransportName"":""0001060.001.1.env"",
    ""TransportArrivalTime"":""2022-07-06T15:38:23.368"",
    ""AddtionalProperty"":[
        {
            ""key"":""UserID"",
            ""value"":""vgaviria@achcolombia.com.co""
        },
        {
            ""key"":""Source-Indicator"",
            ""value"":""volpay-ui""
        },
        {
            ""key"":""InputReferenceCode"",
            ""value"":""BANPICHINCHA_SETTLEMENT_NACHAM""
        }
    ]
}"|"BANPICHINCHA_SETTLEMENT_NACHAM"|"Payment Instruction"|"BANPICHINCHA"|"SETTLEMENT"|"VOLPAYDEPT"|"GLBLOFF"|"COLBR"|""|(BLOB)|""|""|""|""|""|"NACHA"|""|""|"65a8279c-1c4c-4958-8205-63142190abbc"|""||1|1|||""|(BLOB)|"PICHINCHA"|0|0|"20220705-1"|(BLOB)|(BLOB)||"0001060.001.1.env"|"vgaviria@achcolombia.com.co"|"0.0"|"0.0"|0|0|0|0|0|0|0|0
"106613"|06-JUL-22 03.38.31.292000000 PM|"COMPLETED"|47|47|0|0|"0196be213cfd"|""|""|"Status changed to COMPLETED"|1|""|"UPLOAD"|"0001013.001.1.env"|"{
    ""TransportType"":""UPLOAD"",
    ""TransportName"":""0001013.001.1.env"",
    ""TransportArrivalTime"":""2022-07-06T15:38:31.290"",
    ""AddtionalProperty"":[
        {
            ""key"":""UserID"",
            ""value"":""svalle@achcolombia.com.co""
        },
        {
            ""key"":""Source-Indicator"",
            ""value"":""volpay-ui""
        },
        {
            ""key"":""InputReferenceCode"",
            ""value"":""BANBBVA_SETTLEMENT_NACHAM_UI""
        }
    ]
}"|"BANBBVA_SETTLEMENT_NACHAM_UI"|"Payment Instruction"|"BANBBVA"|"SETTLEMENT"|"VOLPAYDEPT"|"GLBLOFF"|"COLBR"|""|(BLOB)|""|""|""|""|""|"NACHA"|""|""|"825a5f5d-48c3-4b69-a2d8-ca1f9dc0bf5d"|""||41|41|||""|(BLOB)|"BBVA"|135583460|0|"20220705-1"|(BLOB)|(BLOB)||"0001013.001.1.env"|"svalle@achcolombia.com.co"|"0.0"|"135583460.0"|0|0|0|0|0|135583460|0|135583460
"106614"|06-JUL-22 03.38.33.064000000 PM|"COMPLETED"|453|453|0|0|"0196be213cfd"|""|""|"Status changed to COMPLETED"|1|""|"UPLOAD"|"0001060.002.1.env"|"{
    ""TransportType"":""UPLOAD"",
    ""TransportName"":""0001060.002.1.env"",
    ""TransportArrivalTime"":""2022-07-06T15:38:33.061"",
    ""AddtionalProperty"":[
        {
            ""key"":""UserID"",
            ""value"":""vgaviria@achcolombia.com.co""
        },
        {
            ""key"":""Source-Indicator"",
            ""value"":""volpay-ui""
        },
        {
            ""key"":""InputReferenceCode"",
            ""value"":""BANPICHINCHA_SETTLEMENT_NACHAM""
        }
    ]
}"|"BANPICHINCHA_SETTLEMENT_NACHAM"|"Payment Instruction"|"BANPICHINCHA"|"SETTLEMENT"|"VOLPAYDEPT"|"GLBLOFF"|"COLBR"|""|(BLOB)|""|""|""|""|""|"NACHA"|""|""|"fc28784b-6e96-4e64-8c20-b70d4c0a3e24"|""||140|140|||""|(BLOB)|"PICHINCHA"|953065972.32|0|"20220705-1"|(BLOB)|(BLOB)||"0001060.002.1.env"|"vgaviria@achcolombia.com.co"|"0.0"|"953065972.32"|0|0|0|0|0|953065972.32|0|953065972.32
"106615"|06-JUL-22 03.39.18.748000000 PM|"COMPLETED"|7548|7548|0|0|"0196be213cfd"|""|""|"Status changed to COMPLETED"|1|""|"UPLOAD"|"0001013.002.1.env"|"{
    ""TransportType"":""UPLOAD"",
    ""TransportName"":""0001013.002.1.env"",
    ""TransportArrivalTime"":""2022-07-06T15:39:18.747"",
    ""AddtionalProperty"":[
        {
            ""key"":""UserID"",
            ""value"":""svalle@achcolombia.com.co""
        },
        {
            ""key"":""Source-Indicator"",
            ""value"":""volpay-ui""
        },
        {
            ""key"":""InputReferenceCode"",
            ""value"":""BANBBVA_SETTLEMENT_NACHAM_UI""
        }
    ]
}"|"BANBBVA_SETTLEMENT_NACHAM_UI"|"Payment Instruction"|"BANBBVA"|"SETTLEMENT"|"VOLPAYDEPT"|"GLBLOFF"|"COLBR"|""|(BLOB)|""|""|""|""|""|"NACHA"|""|""|"28bfc9cc-751a-483b-a986-855745b8e9b3"|""||503|503|||""|(BLOB)|"BBVA"|27634325466.3|0|"20220705-1"|(BLOB)|(BLOB)||"0001013.002.1.env"|"svalle@achcolombia.com.co"|"0.0"|"27634325466.3"|0|0|0|0|0|27634325466.3|0|27634325466.3
"106616"|06-JUL-22 03.39.31.503000000 PM|"COMPLETED"|3357|3357|0|0|"0196be213cfd"|""|""|"Status changed to COMPLETED"|1|""|"UPLOAD"|"0001062.001.1.env"|"{
    ""TransportType"":""UPLOAD"",
    ""TransportName"":""0001062.001.1.env"",
    ""TransportArrivalTime"":""2022-07-06T15:39:31.500"",
    ""AddtionalProperty"":[
        {
            ""key"":""UserID"",
            ""value"":""vgaviria@achcolombia.com.co""
        },
        {
            ""key"":""Source-Indicator"",
            ""value"":""volpay-ui""
        },
        {
            ""key"":""InputReferenceCode"",
            ""value"":""BANFALABELLA_PSE_NACHAM""
        }
    ]
}"|"BANFALABELLA_PSE_NACHAM"|"Payment Instruction"|"BANFALABELLA"|"PSE"|"VOLPAYDEPT"|"GLBLOFF"|"COLBR"|""|(BLOB)|""|""|""|""|""|"NACHA"|""|""|"e321aabb-a96f-4af1-a3e4-5f8950cba21e"|""||3238|3238|||""|(BLOB)|"FALABELLA"|4867064055|0|"20220705-1"|(BLOB)|(BLOB)||"0001062.001.1.env"|"vgaviria@achcolombia.com.co"|"0.0"|"4867064055.0"|0|0|0|0|0|4867064055|0|4867064055
"106633"|06-JUL-22 03.40.38.559000000 PM|"REJECTED"|0|0|0|0|"c5ee1e95d496"|""|""|"D27:La línea tiene Caracteres Especiales en el encabezado de lote o en la transacción.(línea: 86764)|"|1|""|"UPLOAD"|"0001013.003.1.env"|"{
    ""TransportType"":""UPLOAD"",
    ""TransportName"":""0001013.003.1.env"",
    ""TransportArrivalTime"":""2022-07-06T15:40:38.554"",
    ""AddtionalProperty"":[
        {
            ""key"":""UserID"",
            ""value"":""svalle@achcolombia.com.co""
        },
        {
            ""key"":""Source-Indicator"",
            ""value"":""volpay-ui""
        },
        {
            ""key"":""InputReferenceCode"",
            ""value"":""BANBBVA_SETTLEMENT_NACHAM_UI""
        }
    ]
}"|"BANBBVA_SETTLEMENT_NACHAM_UI"|"Payment Instruction"|"BANBBVA"|"SETTLEMENT"|"VOLPAYDEPT"|"GLBLOFF"|"COLBR"|""|(BLOB)|""|""|""|""|""|""|""|""|"e79d46ec-91a5-4164-b4fa-3a11b533845d"|""||||||""|(BLOB)|""|||"20220705-1"|(BLOB)|(BLOB)||"0001013.003.1.env"|""|""|""||||||||
"106634"|06-JUL-22 03.43.28.308000000 PM|"COMPLETED"|8|8|0|0|"c5ee1e95d496"|""|""|"Status changed to COMPLETED"|1|""|"UPLOAD"|"0001014.001.1.env"|"{
    ""TransportType"":""UPLOAD"",
    ""TransportName"":""0001014.001.1.env"",
    ""TransportArrivalTime"":""2022-07-06T15:43:28.303"",
    ""AddtionalProperty"":[
        {
            ""key"":""UserID"",
            ""value"":""svalle@achcolombia.com.co""
        },
        {
            ""key"":""Source-Indicator"",
            ""value"":""volpay-ui""
        },
        {
            ""key"":""InputReferenceCode"",
            ""value"":""BANITAU*_SETTLEMENT_NACHAM""
        }
    ]
}"|"BANITAU*_SETTLEMENT_NACHAM"|"Payment Instruction"|"BANITAU*"|"SETTLEMENT"|"VOLPAYDEPT"|"GLBLOFF"|"COLBR"|""|(BLOB)|""|""|""|""|""|"NACHA"|""|""|"c4f90a30-b0b1-4d77-8572-f8ca55f78526"|""||8|8|||""|(BLOB)|"ITAU*"|150000|0|"20220705-1"|(BLOB)|(BLOB)||"0001014.001.1.env"|"svalle@achcolombia.com.co"|"0.0"|"150000.0"|0|0|0|0|0|150000|0|150000
"106636"|06-JUL-22 03.44.24.465000000 PM|"COMPLETED"|6|6|0|0|"c5ee1e95d496"|""|""|"Status changed to COMPLETED"|1|""|"UPLOAD"|"0001558.002.1.env"|"{
    ""TransportType"":""UPLOAD"",
    ""TransportName"":""0001558.002.1.env"",
    ""TransportArrivalTime"":""2022-07-06T15:44:24.459"",
    ""AddtionalProperty"":[
        {
            ""key"":""UserID"",
            ""value"":""kdelgadillo@achcolombia.com.co""
        },
        {
            ""key"":""Source-Indicator"",
            ""value"":""volpay-ui""
        },
        {
            ""key"":""InputReferenceCode"",
            ""value"":""BANCREDIFIN_SETTLEMENT_NACHAM""
        }
    ]
}"|"BANCREDIFIN_SETTLEMENT_NACHAM"|"Payment Instruction"|"BANCREDIFIN"|"SETTLEMENT"|"VOLPAYDEPT"|"GLBLOFF"|"COLBR"|""|(BLOB)|""|""|""|""|""|"NACHA"|""|""|"89c59217-f6a2-4cb0-a329-86e05ad5f68a"|""||6|6|||""|(BLOB)|"CREDIFINANCIERA"|18437650|0|"20220705-1"|(BLOB)|(BLOB)||"0001558.002.1.env"|"kdelgadillo@achcolombia.com.co"|"0.0"|"18437650.0"|0|0|0|0|0|18437650|0|18437650
"106637"|06-JUL-22 03.44.48.909000000 PM|"COMPLETED"|97|97|0|0|"c5ee1e95d496"|""|""|"Status changed to COMPLETED"|1|""|"UPLOAD"|"0001019.001.1.env"|"{
    ""TransportType"":""UPLOAD"",
    ""TransportName"":""0001019.001.1.env"",
    ""TransportArrivalTime"":""2022-07-06T15:44:48.904"",
    ""AddtionalProperty"":[
        {
            ""key"":""UserID"",
            ""value"":""svalle@achcolombia.com.co""
        },
        {
            ""key"":""Source-Indicator"",
            ""value"":""volpay-ui""
        },
        {
            ""key"":""InputReferenceCode"",
            ""value"":""BANCOLPATR_SETTLEMENT_NACHAM_UI""
        }
    ]
}"|"BANCOLPATR_SETTLEMENT_NACHAM_UI"|"Payment Instruction"|"BANCOLPATR"|"SETTLEMENT"|"VOLPAYDEPT"|"GLBLOFF"|"COLBR"|""|(BLOB)|""|""|""|""|""|"NACHA"|""|""|"3b4ac531-7aae-422f-8871-d51882d7a7e5"|""||56|56|||""|(BLOB)|"COLPATRIA"|179947626.4|10963707|"20220705-1"|(BLOB)|(BLOB)||"0001019.001.1.env"|"svalle@achcolombia.com.co"|"10963707.0"|"179947626.4"|10963707|0|10963707|0|0|179947626.4|0|179947626.4
"106617"|06-JUL-22 03.44.09.521000000 PM|"COMPLETED"|6|6|0|0|"0196be213cfd"|""|""|"Status changed to COMPLETED"|1|""|"UPLOAD"|"0001558.001.1.env"|"{
    ""TransportType"":""UPLOAD"",
    ""TransportName"":""0001558.001.1.env"",
    ""TransportArrivalTime"":""2022-07-06T15:44:09.519"",
    ""AddtionalProperty"":[
        {
            ""key"":""UserID"",
            ""value"":""kdelgadillo@achcolombia.com.co""
        },
        {
            ""key"":""Source-Indicator"",
            ""value"":""volpay-ui""
        },
        {
            ""key"":""InputReferenceCode"",
            ""value"":""BANCREDIFIN_SETTLEMENT_NACHAM""
        }
    ]
}"|"BANCREDIFIN_SETTLEMENT_NACHAM"|"Payment Instruction"|"BANCREDIFIN"|"SETTLEMENT"|"VOLPAYDEPT"|"GLBLOFF"|"COLBR"|""|(BLOB)|""|""|""|""|""|"NACHA"|""|""|"76449567-d6e5-4dc4-a821-0fc5fa6a02fd"|""||6|6|||""|(BLOB)|"CREDIFINANCIERA"|9206760|0|"20220705-1"|(BLOB)|(BLOB)||"0001558.001.1.env"|"kdelgadillo@achcolombia.com.co"|"0.0"|"9206760.0"|0|0|0|0|0|9206760|0|9206760
"106618"|06-JUL-22 03.44.14.107000000 PM|"COMPLETED"|1180|1180|0|0|"0196be213cfd"|""|""|"Status changed to COMPLETED"|1|""|"UPLOAD"|"0001066.001.1.env"|"{
    ""TransportType"":""UPLOAD"",
    ""TransportName"":""0001066.001.1.env"",
    ""TransportArrivalTime"":""2022-07-06T15:44:14.105"",
    ""AddtionalProperty"":[
        {
            ""key"":""UserID"",
            ""value"":""vgaviria@achcolombia.com.co""
        },
        {
            ""key"":""Source-Indicator"",
            ""value"":""volpay-ui""
        },
        {
            ""key"":""InputReferenceCode"",
            ""value"":""BANCOOPCENTRAL_SETTLEMENT_NACHAM""
        }
    ]
}"|"BANCOOPCENTRAL_SETTLEMENT_NACHAM"|"Payment Instruction"|"BANCOOPCENTRAL"|"SETTLEMENT"|"VOLPAYDEPT"|"GLBLOFF"|"COLBR"|""|(BLOB)|""|""|""|""|""|"NACHA"|""|""|"03d02904-f4bc-4ca8-bc79-6e365f39e808"|""||1009|1009|||""|(BLOB)|"COOPCENTRAL"|2627263229.66|27562645|"20220705-1"|(BLOB)|(BLOB)||"0001066.001.1.env"|"vgaviria@achcolombia.com.co"|"27562645.0"|"2627263229.66"|27562645|0|27562645|0|0|2627263229.66|0|2627263229.66
"106619"|06-JUL-22 03.45.01.193000000 PM|"REJECTED"|0|0|0|0|"0196be213cfd"|""|""|"El archivo debe estar SIN CIFRAR para realizar el cargue"|1|""|"UPLOAD"|"0001637.001.1.env"|"{
    ""TransportType"":""UPLOAD"",
    ""TransportName"":""0001637.001.1.env"",
    ""TransportArrivalTime"":""2022-07-06T15:45:01.191"",
    ""AddtionalProperty"":[
        {
            ""key"":""UserID"",
            ""value"":""kdelgadillo@achcolombia.com.co""
        },
        {
            ""key"":""Source-Indicator"",
            ""value"":""volpay-ui""
        },
        {
            ""key"":""InputReferenceCode"",
            ""value"":""BANIRIS_SETTLEMENT_NACHAM""
        }
    ]
}"|"BANIRIS_SETTLEMENT_NACHAM"|"Payment Instruction"|"BANIRIS"|"SETTLEMENT"|"VOLPAYDEPT"|"GLBLOFF"|"COLBR"|""|(BLOB)|""|""|""|""|""|""|""|""|"2746eee9-16dd-4cdb-b473-b397a92586a0"|""||||||""|(BLOB)|""|||"20220705-1"|(BLOB)|(BLOB)||"0001637.001.1.env"|""|""|""||||||||
"106620"|06-JUL-22 03.45.59.504000000 PM|"COMPLETED"|64|64|0|0|"0196be213cfd"|""|""|"Status changed to COMPLETED"|1|""|"UPLOAD"|"0001069.001.1.env"|"{
    ""TransportType"":""UPLOAD"",
    ""TransportName"":""0001069.001.1.env"",
    ""TransportArrivalTime"":""2022-07-06T15:45:59.501"",
    ""AddtionalProperty"":[
        {
            ""key"":""UserID"",
            ""value"":""vgaviria@achcolombia.com.co""
        },
        {
            ""key"":""Source-Indicator"",
            ""value"":""volpay-ui""
        },
        {
            ""key"":""InputReferenceCode"",
            ""value"":""BANSERFINANZA_SETTLEMENT_NACHAM""
        }
    ]
}"|"BANSERFINANZA_SETTLEMENT_NACHAM"|"Payment Instruction"|"BANSERFINANZA"|"SETTLEMENT"|"VOLPAYDEPT"|"GLBLOFF"|"COLBR"|""|(BLOB)|""|""|""|""|""|"NACHA"|""|""|"fa341489-13c8-4d42-9d1a-b6717ff600a8"|""||62|62|||""|(BLOB)|"SERFINANZA"|1454473882|0|"20220705-1"|(BLOB)|(BLOB)||"0001069.001.1.env"|"vgaviria@achcolombia.com.co"|"0.0"|"1454473882.0"|0|0|0|0|0|1454473882|0|1454473882
"106638"|06-JUL-22 03.46.31.608000000 PM|"COMPLETED"|4796|4794|2|0|"c5ee1e95d496"|""|""|"Status changed to COMPLETED"|1|""|"UPLOAD"|"0001023.001.1.env"|"{
    ""TransportType"":""UPLOAD"",
    ""TransportName"":""0001023.001.1.env"",
    ""TransportArrivalTime"":""2022-07-06T15:46:31.603"",
    ""AddtionalProperty"":[
        {
            ""key"":""UserID"",
            ""value"":""svalle@achcolombia.com.co""
        },
        {
            ""key"":""Source-Indicator"",
            ""value"":""volpay-ui""
        },
        {
            ""key"":""InputReferenceCode"",
            ""value"":""BANOCCIDEN_SETTLEMENT_NACHAM_UI""
        }
    ]
}"|"BANOCCIDEN_SETTLEMENT_NACHAM_UI"|"Payment Instruction"|"BANOCCIDEN"|"SETTLEMENT"|"VOLPAYDEPT"|"GLBLOFF"|"COLBR"|""|(BLOB)|""|""|""|""|""|"NACHA"|""|""|"45a84df5-a859-4424-be33-d18daf36cab9"|""||1900|1900|||""|(BLOB)|"OCCIDENTE"|27047544301.39|2200000|"20220705-1"|(BLOB)|(BLOB)||"0001023.001.1.env"|"svalle@achcolombia.com.co"|"2200000.0"|"27047544301.39"|2200000|0|2200000|0|0|27036544301.39|0|27036544301.39
"106639"|06-JUL-22 03.47.14.739000000 PM|"COMPLETED"|109|109|0|0|"c5ee1e95d496"|""|""|"Status changed to COMPLETED"|1|""|"UPLOAD"|"0001070.001.1.env"|"{
    ""TransportType"":""UPLOAD"",
    ""TransportName"":""0001070.001.1.env"",
    ""TransportArrivalTime"":""2022-07-06T15:47:14.734"",
    ""AddtionalProperty"":[
        {
            ""key"":""UserID"",
            ""value"":""vgaviria@achcolombia.com.co""
        },
        {
            ""key"":""Source-Indicator"",
            ""value"":""volpay-ui""
        },
        {
            ""key"":""InputReferenceCode"",
            ""value"":""BANLULO_SETTLEMENT_NACHAM""
        }
    ]
}"|"BANLULO_SETTLEMENT_NACHAM"|"Payment Instruction"|"BANLULO"|"SETTLEMENT"|"VOLPAYDEPT"|"GLBLOFF"|"COLBR"|""|(BLOB)|""|""|""|""|""|"NACHA"|""|""|"ab435389-a35e-4da3-9c31-5cd11a2cd5b7"|""||106|106|||""|(BLOB)|"LULO BANK"|152804337.41|0|"20220705-1"|(BLOB)|(BLOB)||"0001070.001.1.env"|"vgaviria@achcolombia.com.co"|"0.0"|"152804337.41"|0|0|0|0|0|152804337.41|0|152804337.41
"107081"|06-JUL-22 03.47.57.847000000 PM|"REJECTED"|0|0|0|0|"0196be213cfd"|""|""|"El archivo debe estar SIN CIFRAR para realizar el cargue"|1|""|"UPLOAD"|"0001031.001.1.env"|"{
    ""TransportType"":""UPLOAD"",
    ""TransportName"":""0001031.001.1.env"",
    ""TransportArrivalTime"":""2022-07-06T15:47:57.844"",
    ""AddtionalProperty"":[
        {
            ""key"":""UserID"",
            ""value"":""svalle@achcolombia.com.co""
        },
        {
            ""key"":""Source-Indicator"",
            ""value"":""volpay-ui""
        },
        {
            ""key"":""InputReferenceCode"",
            ""value"":""BANBANCOLD_SETTLEMENT_NACHAM_UI""
        }
    ]
}"|"BANBANCOLD_SETTLEMENT_NACHAM_UI"|"Payment Instruction"|"BANBANCOLD"|"SETTLEMENT"|"VOLPAYDEPT"|"GLBLOFF"|"COLBR"|""|(BLOB)|""|""|""|""|""|""|""|""|"ac055d70-b876-418d-abc7-b78a1a3d07ce"|""||||||""|(BLOB)|""|||"20220705-1"|(BLOB)|(BLOB)||"0001031.001.1.env"|""|""|""||||||||
"107083"|06-JUL-22 03.49.50.486000000 PM|"COMPLETED"|19001|19001|0|1|"0196be213cfd"|""|""|"Status changed to COMPLETED"|1|""|"UPLOAD"|"0001032.001.1.env"|"{
    ""TransportType"":""UPLOAD"",
    ""TransportName"":""0001032.001.1.env"",
    ""TransportArrivalTime"":""2022-07-06T15:49:50.484"",
    ""AddtionalProperty"":[
        {
            ""key"":""UserID"",
            ""value"":""svalle@achcolombia.com.co""
        },
        {
            ""key"":""Source-Indicator"",
            ""value"":""volpay-ui""
        },
        {
            ""key"":""InputReferenceCode"",
            ""value"":""BANCAJASO_SETTLEMENT_NACHAM_UI""
        }
    ]
}"|"BANCAJASO_SETTLEMENT_NACHAM_UI"|"Payment Instruction"|"BANCAJASO"|"SETTLEMENT"|"VOLPAYDEPT"|"GLBLOFF"|"COLBR"|""|(BLOB)|""|""|""|""|""|"NACHA"|""|""|"f83b64aa-7294-4b31-a34f-e5d862ed183b"|""||12398|12398|||""|(BLOB)|"CAJA SOCIAL BCSC"|37475670414.32|31950443|"20220705-1"|(BLOB)|(BLOB)||"0001032.001.1.env"|"svalle@achcolombia.com.co"|"31950443.0"|"37475670414.32"|31950443|0|31950443|0|2000000000|35475670414.32|2000000000|37475670414.32
"106640"|06-JUL-22 03.50.10.078000000 PM|"REJECTED"|0|0|0|0|"c5ee1e95d496"|""|""|"El archivo debe estar SIN CIFRAR para realizar el cargue"|1|""|"UPLOAD"|"0001804.001.1.env"|"{
    ""TransportType"":""UPLOAD"",
    ""TransportName"":""0001804.001.1.env"",
    ""TransportArrivalTime"":""2022-07-06T15:50:10.073"",
    ""AddtionalProperty"":[
        {
            ""key"":""UserID"",
            ""value"":""kdelgadillo@achcolombia.com.co""
        },
        {
            ""key"":""Source-Indicator"",
            ""value"":""volpay-ui""
        },
        {
            ""key"":""InputReferenceCode"",
            ""value"":""BANUALA_SETTLEMENT_NACHAM""
        }
    ]
}"|"BANUALA_SETTLEMENT_NACHAM"|"Payment Instruction"|"BANUALA"|"SETTLEMENT"|"VOLPAYDEPT"|"GLBLOFF"|"COLBR"|""|(BLOB)|""|""|""|""|""|""|""|""|"ef81ba8a-2ef0-45ba-abca-b9334b7e3bb0"|""||||||""|(BLOB)|""|||"20220705-1"|(BLOB)|(BLOB)||"0001804.001.1.env"|""|""|""||||||||
"107221"|06-JUL-22 03.50.14.600000000 PM|"COMPLETED"|1547|1547|0|0|"c5ee1e95d496"|""|""|"Status changed to COMPLETED"|1|""|"UPLOAD"|"0001032.002.1.env"|"{
    ""TransportType"":""UPLOAD"",
    ""TransportName"":""0001032.002.1.env"",
    ""TransportArrivalTime"":""2022-07-06T15:50:14.595"",
    ""AddtionalProperty"":[
        {
            ""key"":""UserID"",
            ""value"":""svalle@achcolombia.com.co""
        },
        {
            ""key"":""Source-Indicator"",
            ""value"":""volpay-ui""
        },
        {
            ""key"":""InputReferenceCode"",
            ""value"":""BANCAJASO_SETTLEMENT_NACHAM_UI""
        }
    ]
}"|"BANCAJASO_SETTLEMENT_NACHAM_UI"|"Payment Instruction"|"BANCAJASO"|"SETTLEMENT"|"VOLPAYDEPT"|"GLBLOFF"|"COLBR"|""|(BLOB)|""|""|""|""|""|"NACHA"|""|""|"fbf2e2aa-130e-4d51-a59b-0d59326b23ed"|""||1448|1448|||""|(BLOB)|"CAJA SOCIAL BCSC"|2285901996.5|0|"20220705-1"|(BLOB)|(BLOB)||"0001032.002.1.env"|"svalle@achcolombia.com.co"|"0.0"|"2285901996.5"|0|0|0|0|0|2285901996.5|0|2285901996.5
"106635"|06-JUL-22 03.43.40.134000000 PM|"COMPLETED"|769|769|0|0|"c5ee1e95d496"|""|""|"Status changed to COMPLETED"|1|""|"UPLOAD"|"0001065.001.1.env"|"{
    ""TransportType"":""UPLOAD"",
    ""TransportName"":""0001065.001.1.env"",
    ""TransportArrivalTime"":""2022-07-06T15:43:40.128"",
    ""AddtionalProperty"":[
        {
            ""key"":""UserID"",
            ""value"":""vgaviria@achcolombia.com.co""
        },
        {
            ""key"":""Source-Indicator"",
            ""value"":""volpay-ui""
        },
        {
            ""key"":""InputReferenceCode"",
            ""value"":""BANSANTANDER_SETTLEMENT_NACHAM""
        }
    ]
}"|"BANSANTANDER_SETTLEMENT_NACHAM"|"Payment Instruction"|"BANSANTANDER"|"SETTLEMENT"|"VOLPAYDEPT"|"GLBLOFF"|"COLBR"|""|(BLOB)|""|""|""|""|""|"NACHA"|""|""|"2f0ff613-a2b2-4606-acf9-bfdcbc74aaea"|""||16|16|||""|(BLOB)|"SANTANDER"|2679665841.02|0|"20220705-1"|(BLOB)|(BLOB)||"0001065.001.1.env"|"vgaviria@achcolombia.com.co"|"0.0"|"2679665841.02"|0|0|0|0|0|2679665841.02|0|2679665841.02
"107082"|06-JUL-22 03.49.30.530000000 PM|"COMPLETED"|3979|3979|0|0|"0196be213cfd"|""|""|"Status changed to COMPLETED"|1|""|"UPLOAD"|"0001801.001.1.env"|"{
    ""TransportType"":""UPLOAD"",
    ""TransportName"":""0001801.001.1.env"",
    ""TransportArrivalTime"":""2022-07-06T15:49:30.528"",
    ""AddtionalProperty"":[
        {
            ""key"":""UserID"",
            ""value"":""kdelgadillo@achcolombia.com.co""
        },
        {
            ""key"":""Source-Indicator"",
            ""value"":""volpay-ui""
        },
        {
            ""key"":""InputReferenceCode"",
            ""value"":""BANMOVII_SETTLEMENT_NACHAM""
        }
    ]
}"|"BANMOVII_SETTLEMENT_NACHAM"|"Payment Instruction"|"BANMOVII"|"SETTLEMENT"|"VOLPAYDEPT"|"GLBLOFF"|"COLBR"|""|(BLOB)|""|""|""|""|""|"NACHA"|""|""|"eeacc361-de9b-45bd-ba69-5bd392888788"|""||3979|3979|||""|(BLOB)|"MOVII"|819423205|0|"20220705-1"|(BLOB)|(BLOB)||"0001801.001.1.env"|"kdelgadillo@achcolombia.com.co"|"0.0"|"819423205.0"|0|0|0|0|0|819423205|0|819423205
"107085"|06-JUL-22 03.51.21.216000000 PM|"COMPLETED"|183|183|0|0|"0196be213cfd"|""|""|"Status changed to COMPLETED"|1|""|"UPLOAD"|"0001040.002.1.env"|"{
    ""TransportType"":""UPLOAD"",
    ""TransportName"":""0001040.002.1.env"",
    ""TransportArrivalTime"":""2022-07-06T15:51:21.215"",
    ""AddtionalProperty"":[
        {
            ""key"":""UserID"",
            ""value"":""svalle@achcolombia.com.co""
        },
        {
            ""key"":""Source-Indicator"",
            ""value"":""volpay-ui""
        },
        {
            ""key"":""InputReferenceCode"",
            ""value"":""BANBANCOA_SETTLEMENT_NACHAM_UI""
        }
    ]
}"|"BANBANCOA_SETTLEMENT_NACHAM_UI"|"Payment Instruction"|"BANBANCOA"|"SETTLEMENT"|"VOLPAYDEPT"|"GLBLOFF"|"COLBR"|""|(BLOB)|""|""|""|""|""|"NACHA"|""|""|"191b815d-4f24-4519-bc7a-f9d6081d4e11"|""||152|152|||""|(BLOB)|"BANCO AGRARIO"|848652691.07|0|"20220705-1"|(BLOB)|(BLOB)||"0001040.002.1.env"|"svalle@achcolombia.com.co"|"0.0"|"848652691.07"|0|0|0|0|0|848652691.07|0|848652691.07
"107087"|06-JUL-22 04.18.44.716000000 PM|"REJECTED"|0|0|0|0|"0196be213cfd"|""|""|"¡Cierre de ciclo en proceso! \n \n Por favor, cargue sus archivos en el siguiente ciclo."|1|""|"UPLOAD"|"0001007.005.1.env"|"{
    ""TransportType"":""UPLOAD"",
    ""TransportName"":""0001007.005.1.env"",
    ""TransportArrivalTime"":""2022-07-06T16:18:44.714"",
    ""AddtionalProperty"":[
        {
            ""key"":""UserID"",
            ""value"":""kdelgadillo@achcolombia.com.co""
        },
        {
            ""key"":""Source-Indicator"",
            ""value"":""volpay-ui""
        },
        {
            ""key"":""InputReferenceCode"",
            ""value"":""BANBANCOLO_SETTLEMENT_NACHAM_UI""
        }
    ]
}"|"BANBANCOLO_SETTLEMENT_NACHAM_UI"|"Payment Instruction"|"BANBANCOLO"|"SETTLEMENT"|"VOLPAYDEPT"|"GLBLOFF"|"COLBR"|""|(BLOB)|""|""|""|""|""|""|""|""|"9515bbc4-f969-4253-9a75-8affca99a0c9"|""||||||""|(BLOB)|""|||""|(BLOB)|(BLOB)||""|""|""|""||||||||
"107091"|06-JUL-22 09.25.15.092000000 PM|"REJECTED"|0|0|0|0|"0196be213cfd"|""|""|"¡Cierre de ciclo en proceso! \n \n Por favor, cargue sus archivos en el siguiente ciclo."|1|""|"FILE"|"0001002.032.1.xml"|"{
    ""TransportType"":""FILE"",
    ""TransportName"":""0001002.032.1.xml"",
    ""TransportCode"":""BULKLOAD_PSE_DIRECTVM"",
    ""AddtionalProperty"":[
        {
            ""key"":""InputReferenceCode"",
            ""value"":""CLEACH_SETTLEMENT_NACHAM_Tr""
        }
    ]
}"|"CLEACH_SETTLEMENT_NACHAM_Tr"|"Payment Instruction"|"BANPOPULAR"|"SETTLEMENT"|"VOLPAYDEPT"|"GLBLOFF"|"COLBR"|""|(BLOB)|""|""|""|""|"00001002"|""|""|""|""|""||||||""|(BLOB)|""|||""|(BLOB)|(BLOB)||""|""|""|""||||||||
"107230"|06-JUL-22 09.25.16.221000000 PM|"REJECTED"|0|0|0|0|"c5ee1e95d496"|""|""|"¡Cierre de ciclo en proceso! \n \n Por favor, cargue sus archivos en el siguiente ciclo."|1|""|"FILE"|"0001006.032.1.xml"|"{
    ""TransportType"":""FILE"",
    ""TransportName"":""0001006.032.1.xml"",
    ""TransportCode"":""BULKLOAD_PSE_DIRECTVM"",
    ""AddtionalProperty"":[
        {
            ""key"":""InputReferenceCode"",
            ""value"":""CLEACH_SETTLEMENT_NACHAM_Tr""
        }
    ]
}"|"CLEACH_SETTLEMENT_NACHAM_Tr"|"Payment Instruction"|"BANITAU"|"SETTLEMENT"|"VOLPAYDEPT"|"GLBLOFF"|"COLBR"|""|(BLOB)|""|""|""|""|"00001006"|""|""|""|""|""||||||""|(BLOB)|""|||""|(BLOB)|(BLOB)||""|""|""|""||||||||
"108261"|06-JUL-22 12.00.00.000000000 AM|"DELETED"|||||"ip-10-210-0-91.ec2.internal"|""|""|""||""|"USER"|""|""|""|"A favor de ACH Dev"|""|"BANREP_LIQ_XML"|""|""|""|""|(BLOB)|""|""|"0"|""|""|""|""|""|""|""||||||""|(BLOB)|""|||""|(BLOB)|(BLOB)|0|""|""|""|""||||||||
"107092"|06-JUL-22 09.25.16.290000000 PM|"REJECTED"|0|0|0|0|"0196be213cfd"|""|""|"¡Cierre de ciclo en proceso! \n \n Por favor, cargue sus archivos en el siguiente ciclo."|1|""|"FILE"|"0001007.032.1.xml"|"{
    ""TransportType"":""FILE"",
    ""TransportName"":""0001007.032.1.xml"",
    ""TransportCode"":""BULKLOAD_PSE_DIRECTVM"",
    ""AddtionalProperty"":[
        {
            ""key"":""InputReferenceCode"",
            ""value"":""CLEACH_SETTLEMENT_NACHAM_Tr""
        }
    ]
}"|"CLEACH_SETTLEMENT_NACHAM_Tr"|"Payment Instruction"|"BANBANCOLO"|"SETTLEMENT"|"VOLPAYDEPT"|"GLBLOFF"|"COLBR"|""|(BLOB)|""|""|""|""|"00001007"|""|""|""|""|""||||||""|(BLOB)|""|||""|(BLOB)|(BLOB)||""|""|""|""||||||||
"107231"|06-JUL-22 09.25.17.410000000 PM|"REJECTED"|0|0|0|0|"c5ee1e95d496"|""|""|"¡Cierre de ciclo en proceso! \n \n Por favor, cargue sus archivos en el siguiente ciclo."|1|""|"FILE"|"0001009.032.1.xml"|"{
    ""TransportType"":""FILE"",
    ""TransportName"":""0001009.032.1.xml"",
    ""TransportCode"":""BULKLOAD_PSE_DIRECTVM"",
    ""AddtionalProperty"":[
        {
            ""key"":""InputReferenceCode"",
            ""value"":""CLEACH_SETTLEMENT_NACHAM_Tr""
        }
    ]
}"|"CLEACH_SETTLEMENT_NACHAM_Tr"|"Payment Instruction"|"BANCITIBAN"|"SETTLEMENT"|"VOLPAYDEPT"|"GLBLOFF"|"COLBR"|""|(BLOB)|""|""|""|""|"00001009"|""|""|""|""|""||||||""|(BLOB)|""|||""|(BLOB)|(BLOB)||""|""|""|""||||||||
"107084"|06-JUL-22 03.51.03.007000000 PM|"COMPLETED"|1027|1027|0|1|"0196be213cfd"|""|""|"Status changed to COMPLETED"|1|""|"UPLOAD"|"0001040.001.1.env"|"{
    ""TransportType"":""UPLOAD"",
    ""TransportName"":""0001040.001.1.env"",
    ""TransportArrivalTime"":""2022-07-06T15:51:03.004"",
    ""AddtionalProperty"":[
        {
            ""key"":""UserID"",
            ""value"":""svalle@achcolombia.com.co""
        },
        {
            ""key"":""Source-Indicator"",
            ""value"":""volpay-ui""
        },
        {
            ""key"":""InputReferenceCode"",
            ""value"":""BANBANCOA_SETTLEMENT_NACHAM_UI""
        }
    ]
}"|"BANBANCOA_SETTLEMENT_NACHAM_UI"|"Payment Instruction"|"BANBANCOA"|"SETTLEMENT"|"VOLPAYDEPT"|"GLBLOFF"|"COLBR"|""|(BLOB)|""|""|""|""|""|"NACHA"|""|""|"3838fcf7-af0f-466c-8e7a-2a6192eb52b5"|""||910|910|||""|(BLOB)|"BANCO AGRARIO"|11208115933.13|0|"20220705-1"|(BLOB)|(BLOB)||"0001040.001.1.env"|"svalle@achcolombia.com.co"|"0.0"|"11208115933.13"|0|0|0|0|2774253303.7|8433862629.43|2774253303.7|11208115933.13
"107223"|06-JUL-22 03.52.45.352000000 PM|"REJECTED"|0|0|0|0|"c5ee1e95d496"|""|""|"El archivo debe estar SIN CIFRAR para realizar el cargue"|1|""|"UPLOAD"|"0001051.001.1.env"|"{
    ""TransportType"":""UPLOAD"",
    ""TransportName"":""0001051.001.1.env"",
    ""TransportArrivalTime"":""2022-07-06T15:52:45.347"",
    ""AddtionalProperty"":[
        {
            ""key"":""UserID"",
            ""value"":""svalle@achcolombia.com.co""
        },
        {
            ""key"":""Source-Indicator"",
            ""value"":""volpay-ui""
        },
        {
            ""key"":""InputReferenceCode"",
            ""value"":""BANDAVIVIE_SETTLEMENT_NACHAM_UI""
        }
    ]
}"|"BANDAVIVIE_SETTLEMENT_NACHAM_UI"|"Payment Instruction"|"BANDAVIVIE"|"SETTLEMENT"|"VOLPAYDEPT"|"GLBLOFF"|"COLBR"|""|(BLOB)|""|""|""|""|""|""|""|""|"5439959a-3d97-4ebb-b5cb-0de808b623bc"|""||||||""|(BLOB)|""|||"20220705-1"|(BLOB)|(BLOB)||"0001051.001.1.env"|""|""|""||||||||
"107086"|06-JUL-22 03.53.13.773000000 PM|"REJECTED"|0|0|0|0|"0196be213cfd"|""|""|"El archivo debe estar SIN CIFRAR para realizar el cargue"|1|""|"UPLOAD"|"0001051.002.1.env"|"{
    ""TransportType"":""UPLOAD"",
    ""TransportName"":""0001051.002.1.env"",
    ""TransportArrivalTime"":""2022-07-06T15:53:13.771"",
    ""AddtionalProperty"":[
        {
            ""key"":""UserID"",
            ""value"":""svalle@achcolombia.com.co""
        },
        {
            ""key"":""Source-Indicator"",
            ""value"":""volpay-ui""
        },
        {
            ""key"":""InputReferenceCode"",
            ""value"":""BANDAVIVIE_SETTLEMENT_NACHAM_UI""
        }
    ]
}"|"BANDAVIVIE_SETTLEMENT_NACHAM_UI"|"Payment Instruction"|"BANDAVIVIE"|"SETTLEMENT"|"VOLPAYDEPT"|"GLBLOFF"|"COLBR"|""|(BLOB)|""|""|""|""|""|""|""|""|"ea197c11-0bd7-4928-b728-a3174e8d28b4"|""||||||""|(BLOB)|""|||"20220705-1"|(BLOB)|(BLOB)||"0001051.002.1.env"|""|""|""||||||||
"107088"|06-JUL-22 04.25.44.862000000 PM|"REJECTED"|0|0|0|0|"0196be213cfd"|""|""|"D27:La línea tiene Caracteres Especiales en el encabezado de lote o en la transacción.(línea: 86764)|"|1|""|"UPLOAD"|"0001013.003.1.env"|"{
    ""TransportType"":""UPLOAD"",
    ""TransportName"":""0001013.003.1.env"",
    ""TransportArrivalTime"":""2022-07-06T16:25:44.861"",
    ""AddtionalProperty"":[
        {
            ""key"":""UserID"",
            ""value"":""lcamargo@achcolombia.com.co""
        },
        {
            ""key"":""Source-Indicator"",
            ""value"":""volpay-ui""
        },
        {
            ""key"":""InputReferenceCode"",
            ""value"":""BANBBVA_SETTLEMENT_NACHAM_UI""
        }
    ]
}"|"BANBBVA_SETTLEMENT_NACHAM_UI"|"Payment Instruction"|"BANBBVA"|"SETTLEMENT"|"VOLPAYDEPT"|"GLBLOFF"|"COLBR"|""|(BLOB)|""|""|""|""|""|""|""|""|"fbdb3755-f8b6-4bba-9040-2e4de08195d9"|""||||||""|(BLOB)|""|||"20220705-1"|(BLOB)|(BLOB)||"0001013.003.1.env"|""|""|""||||||||
"107089"|06-JUL-22 05.06.39.038000000 PM|"REJECTED"|0|0|0|0|"0196be213cfd"|""|""|"¡Cierre de ciclo en proceso! \n \n Por favor, cargue sus archivos en el siguiente ciclo."|1|""|"UPLOAD"|"0001001.002.1.env"|"{
    ""TransportType"":""UPLOAD"",
    ""TransportName"":""0001001.002.1.env"",
    ""TransportArrivalTime"":""2022-07-06T17:06:39.037"",
    ""AddtionalProperty"":[
        {
            ""key"":""UserID"",
            ""value"":""vgaviria@achcolombia.com.co""
        },
        {
            ""key"":""Source-Indicator"",
            ""value"":""volpay-ui""
        },
        {
            ""key"":""InputReferenceCode"",
            ""value"":""BANPOPULAR_SETTLEMENT_NACHAM_UI""
        }
    ]
}"|"BANPOPULAR_SETTLEMENT_NACHAM_UI"|"Payment Instruction"|"BANPOPULAR"|"SETTLEMENT"|"VOLPAYDEPT"|"GLBLOFF"|"COLBR"|""|(BLOB)|""|""|""|""|""|""|""|""|"7548be72-6eb0-4f7d-9f0a-f335fa23ba79"|""||||||""|(BLOB)|""|||""|(BLOB)|(BLOB)||""|""|""|""||||||||
"107226"|06-JUL-22 05.07.37.038000000 PM|"REJECTED"|0|0|0|0|"c5ee1e95d496"|""|""|"El archivo debe estar SIN CIFRAR para realizar el cargue"|1|""|"UPLOAD"|"0001001.002.1.env"|"{
    ""TransportType"":""UPLOAD"",
    ""TransportName"":""0001001.002.1.env"",
    ""TransportArrivalTime"":""2022-07-06T17:07:37.037"",
    ""AddtionalProperty"":[
        {
            ""key"":""UserID"",
            ""value"":""vgaviria@achcolombia.com.co""
        },
        {
            ""key"":""Source-Indicator"",
            ""value"":""volpay-ui""
        },
        {
            ""key"":""InputReferenceCode"",
            ""value"":""BANPOPULAR_SETTLEMENT_NACHAM_UI""
        }
    ]
}"|"BANPOPULAR_SETTLEMENT_NACHAM_UI"|"Payment Instruction"|"BANPOPULAR"|"SETTLEMENT"|"VOLPAYDEPT"|"GLBLOFF"|"COLBR"|""|(BLOB)|""|""|""|""|""|""|""|""|"712977ef-0910-4ff1-b13b-c4e608fbcd44"|""||||||""|(BLOB)|""|||"20220705-1"|(BLOB)|(BLOB)||"0001001.002.1.env"|""|""|""||||||||
"107090"|06-JUL-22 05.08.56.500000000 PM|"REJECTED"|0|0|0|0|"0196be213cfd"|""|""|"El archivo debe estar SIN CIFRAR para realizar el cargue"|1|""|"UPLOAD"|"0001002.001.1.env"|"{
    ""TransportType"":""UPLOAD"",
    ""TransportName"":""0001002.001.1.env"",
    ""TransportArrivalTime"":""2022-07-06T17:08:56.499"",
    ""AddtionalProperty"":[
        {
            ""key"":""UserID"",
            ""value"":""vgaviria@achcolombia.com.co""
        },
        {
            ""key"":""Source-Indicator"",
            ""value"":""volpay-ui""
        },
        {
            ""key"":""InputReferenceCode"",
            ""value"":""BANPOPULAR_SETTLEMENT_NACHAM_UI""
        }
    ]
}"|"BANPOPULAR_SETTLEMENT_NACHAM_UI"|"Payment Instruction"|"BANPOPULAR"|"SETTLEMENT"|"VOLPAYDEPT"|"GLBLOFF"|"COLBR"|""|(BLOB)|""|""|""|""|""|""|""|""|"da4048e1-9739-4005-ab10-397d37c3d736"|""||||||""|(BLOB)|""|||"20220705-1"|(BLOB)|(BLOB)||"0001002.001.1.env"|""|""|""||||||||
"107227"|06-JUL-22 05.15.18.821000000 PM|"COMPLETED"|17104|17104|0|1|"c5ee1e95d496"|""|""|"Status changed to COMPLETED"|1|""|"UPLOAD"|"0001019.002.1.env"|"{
    ""TransportType"":""UPLOAD"",
    ""TransportName"":""0001019.002.1.env"",
    ""TransportArrivalTime"":""2022-07-06T17:15:18.820"",
    ""AddtionalProperty"":[
        {
            ""key"":""UserID"",
            ""value"":""vgaviria@achcolombia.com.co""
        },
        {
            ""key"":""Source-Indicator"",
            ""value"":""volpay-ui""
        },
        {
            ""key"":""InputReferenceCode"",
            ""value"":""BANCOLPATR_SETTLEMENT_NACHAM_UI""
        }
    ]
}"|"BANCOLPATR_SETTLEMENT_NACHAM_UI"|"Payment Instruction"|"BANCOLPATR"|"SETTLEMENT"|"VOLPAYDEPT"|"GLBLOFF"|"COLBR"|""|(BLOB)|""|""|""|""|""|"NACHA"|""|""|"691672af-47bf-478a-b0f6-37284e7ee824"|""||16630|16630|||""|(BLOB)|"COLPATRIA"|29296288972.98|421674423|"20220705-1"|(BLOB)|(BLOB)||"0001019.002.1.env"|"vgaviria@achcolombia.com.co"|"421674423.0"|"29296288972.98"|421674423|0|421674423|0|3000000000|26296288972.98|3000000000|29296288972.98
"107222"|06-JUL-22 03.51.29.883000000 PM|"COMPLETED"|13|13|0|0|"c5ee1e95d496"|""|""|"Status changed to COMPLETED"|1|""|"UPLOAD"|"0001805.001.1.env"|"{
    ""TransportType"":""UPLOAD"",
    ""TransportName"":""0001805.001.1.env"",
    ""TransportArrivalTime"":""2022-07-06T15:51:29.878"",
    ""AddtionalProperty"":[
        {
            ""key"":""UserID"",
            ""value"":""kdelgadillo@achcolombia.com.co""
        },
        {
            ""key"":""Source-Indicator"",
            ""value"":""volpay-ui""
        },
        {
            ""key"":""InputReferenceCode"",
            ""value"":""BANBTG_SETTLEMENT_NACHAM""
        }
    ]
}"|"BANBTG_SETTLEMENT_NACHAM"|"Payment Instruction"|"BANBTG"|"SETTLEMENT"|"VOLPAYDEPT"|"GLBLOFF"|"COLBR"|""|(BLOB)|""|""|""|""|""|"NACHA"|""|""|"28584829-e77a-42cd-8693-2cb97e27c62e"|""||13|13|||""|(BLOB)|"BTG"|2105500|0|"20220705-1"|(BLOB)|(BLOB)||"0001805.001.1.env"|"kdelgadillo@achcolombia.com.co"|"0.0"|"2105500.0"|0|0|0|0|0|2105500|0|2105500
"107224"|06-JUL-22 04.20.01.720000000 PM|"COMPLETED"|84433|84433|0|0|"c5ee1e95d496"|""|""|"Status changed to COMPLETED"|1|""|"UPLOAD"|"0001007.005.1.env"|"{
    ""TransportType"":""UPLOAD"",
    ""TransportName"":""0001007.005.1.env"",
    ""TransportArrivalTime"":""2022-07-06T16:20:01.715"",
    ""AddtionalProperty"":[
        {
            ""key"":""UserID"",
            ""value"":""kdelgadillo@achcolombia.com.co""
        },
        {
            ""key"":""Source-Indicator"",
            ""value"":""volpay-ui""
        },
        {
            ""key"":""InputReferenceCode"",
            ""value"":""BANBANCOLO_SETTLEMENT_NACHAM_UI""
        }
    ]
}"|"BANBANCOLO_SETTLEMENT_NACHAM_UI"|"Payment Instruction"|"BANBANCOLO"|"SETTLEMENT"|"VOLPAYDEPT"|"GLBLOFF"|"COLBR"|""|(BLOB)|""|""|""|""|""|"NACHA"|""|""|"96c6e14d-7cc9-4c28-b767-e927124fc172"|""||29945|29945|||""|(BLOB)|"BANCOLOMBIA"|367110194303.59|6985568772|"20220705-1"|(BLOB)|(BLOB)||"0001007.005.1.env"|"kdelgadillo@achcolombia.com.co"|"6985568772.0"|"367110194303.59"|6985568772|0|6985568772|0|0|367110194303.59|0|367110194303.59
"107225"|06-JUL-22 04.20.08.337000000 PM|"REJECTED"|0|0|0|0|"c5ee1e95d496"|""|""|"101:El archivo ya había sido enviado. No se cargó su información.|"|1|""|"UPLOAD"|"0001007.005.1.env"|"{
    ""TransportType"":""UPLOAD"",
    ""TransportName"":""0001007.005.1.env"",
    ""TransportArrivalTime"":""2022-07-06T16:20:08.336"",
    ""AddtionalProperty"":[
        {
            ""key"":""UserID"",
            ""value"":""svalle@achcolombia.com.co""
        },
        {
            ""key"":""Source-Indicator"",
            ""value"":""volpay-ui""
        },
        {
            ""key"":""InputReferenceCode"",
            ""value"":""BANBANCOLO_SETTLEMENT_NACHAM_UI""
        }
    ]
}"|"BANBANCOLO_SETTLEMENT_NACHAM_UI"|"Payment Instruction"|"BANBANCOLO"|"SETTLEMENT"|"VOLPAYDEPT"|"GLBLOFF"|"COLBR"|""|(BLOB)|""|""|""|""|""|""|""|""|"2e3c2b8a-e7b2-40b9-93c1-886e3a88fc04"|""||||||""|(BLOB)|""|||"20220705-1"|(BLOB)|(BLOB)||"0001007.005.1.env"|""|""|""||||||||
"107228"|06-JUL-22 05.23.48.162000000 PM|"REJECTED"|0|0|0|0|"c5ee1e95d496"|""|""|"101:El archivo ya había sido enviado. No se cargó su información.|"|1|""|"UPLOAD"|"0001032.002.1.env"|"{
    ""TransportType"":""UPLOAD"",
    ""TransportName"":""0001032.002.1.env"",
    ""TransportArrivalTime"":""2022-07-06T17:23:48.161"",
    ""AddtionalProperty"":[
        {
            ""key"":""UserID"",
            ""value"":""vgaviria@achcolombia.com.co""
        },
        {
            ""key"":""Source-Indicator"",
            ""value"":""volpay-ui""
        },
        {
            ""key"":""InputReferenceCode"",
            ""value"":""BANCAJASO_SETTLEMENT_NACHAM_UI""
        }
    ]
}"|"BANCAJASO_SETTLEMENT_NACHAM_UI"|"Payment Instruction"|"BANCAJASO"|"SETTLEMENT"|"VOLPAYDEPT"|"GLBLOFF"|"COLBR"|""|(BLOB)|""|""|""|""|""|""|""|""|"c6066677-ebae-4b00-a154-18e15263a937"|""||||||""|(BLOB)|""|||"20220705-1"|(BLOB)|(BLOB)||"0001032.002.1.env"|""|""|""||||||||
"107229"|06-JUL-22 09.25.15.008000000 PM|"REJECTED"|0|0|0|0|"c5ee1e95d496"|""|""|"¡Cierre de ciclo en proceso! \n \n Por favor, cargue sus archivos en el siguiente ciclo."|1|""|"FILE"|"0001001.032.1.xml"|"{
    ""TransportType"":""FILE"",
    ""TransportName"":""0001001.032.1.xml"",
    ""TransportCode"":""BULKLOAD_PSE_DIRECTVM"",
    ""AddtionalProperty"":[
        {
            ""key"":""InputReferenceCode"",
            ""value"":""CLEACH_SETTLEMENT_NACHAM_Tr""
        }
    ]
}"|"CLEACH_SETTLEMENT_NACHAM_Tr"|"Payment Instruction"|"BANBOGOTA"|"SETTLEMENT"|"VOLPAYDEPT"|"GLBLOFF"|"COLBR"|""|(BLOB)|""|""|""|""|"00001001"|""|""|""|""|""||||||""|(BLOB)|""|||""|(BLOB)|(BLOB)||""|""|""|""||||||||
"107093"|06-JUL-22 09.25.17.447000000 PM|"REJECTED"|0|0|0|0|"0196be213cfd"|""|""|"¡Cierre de ciclo en proceso! \n \n Por favor, cargue sus archivos en el siguiente ciclo."|1|""|"FILE"|"0001012.032.1.xml"|"{
    ""TransportType"":""FILE"",
    ""TransportName"":""0001012.032.1.xml"",
    ""TransportCode"":""BULKLOAD_PSE_DIRECTVM"",
    ""AddtionalProperty"":[
        {
            ""key"":""InputReferenceCode"",
            ""value"":""CLEACH_SETTLEMENT_NACHAM_Tr""
        }
    ]
}"|"CLEACH_SETTLEMENT_NACHAM_Tr"|"Payment Instruction"|"BANSUDAMER"|"SETTLEMENT"|"VOLPAYDEPT"|"GLBLOFF"|"COLBR"|""|(BLOB)|""|""|""|""|"00001012"|""|""|""|""|""||||||""|(BLOB)|""|||""|(BLOB)|(BLOB)||""|""|""|""||||||||
"107094"|06-JUL-22 09.25.18.634000000 PM|"REJECTED"|0|0|0|0|"0196be213cfd"|""|""|"¡Cierre de ciclo en proceso! \n \n Por favor, cargue sus archivos en el siguiente ciclo."|1|""|"FILE"|"0001019.032.1.xml"|"{
    ""TransportType"":""FILE"",
    ""TransportName"":""0001019.032.1.xml"",
    ""TransportCode"":""BULKLOAD_PSE_DIRECTVM"",
    ""AddtionalProperty"":[
        {
            ""key"":""InputReferenceCode"",
            ""value"":""CLEACH_SETTLEMENT_NACHAM_Tr""
        }
    ]
}"|"CLEACH_SETTLEMENT_NACHAM_Tr"|"Payment Instruction"|"BANCOLPATR"|"SETTLEMENT"|"VOLPAYDEPT"|"GLBLOFF"|"COLBR"|""|(BLOB)|""|""|""|""|"00001019"|""|""|""|""|""||||||""|(BLOB)|""|||""|(BLOB)|(BLOB)||""|""|""|""||||||||
"107095"|06-JUL-22 09.25.19.815000000 PM|"REJECTED"|0|0|0|0|"0196be213cfd"|""|""|"¡Cierre de ciclo en proceso! \n \n Por favor, cargue sus archivos en el siguiente ciclo."|1|""|"FILE"|"0001023.032.1.xml"|"{
    ""TransportType"":""FILE"",
    ""TransportName"":""0001023.032.1.xml"",
    ""TransportCode"":""BULKLOAD_PSE_DIRECTVM"",
    ""AddtionalProperty"":[
        {
            ""key"":""InputReferenceCode"",
            ""value"":""CLEACH_SETTLEMENT_NACHAM_Tr""
        }
    ]
}"|"CLEACH_SETTLEMENT_NACHAM_Tr"|"Payment Instruction"|"BANOCCIDEN"|"SETTLEMENT"|"VOLPAYDEPT"|"GLBLOFF"|"COLBR"|""|(BLOB)|""|""|""|""|"00001023"|""|""|""|""|""||||||""|(BLOB)|""|||""|(BLOB)|(BLOB)||""|""|""|""||||||||
"107096"|06-JUL-22 09.25.21.023000000 PM|"REJECTED"|0|0|0|0|"0196be213cfd"|""|""|"¡Cierre de ciclo en proceso! \n \n Por favor, cargue sus archivos en el siguiente ciclo."|1|""|"FILE"|"0001051.032.1.xml"|"{
    ""TransportType"":""FILE"",
    ""TransportName"":""0001051.032.1.xml"",
    ""TransportCode"":""BULKLOAD_PSE_DIRECTVM"",
    ""AddtionalProperty"":[
        {
            ""key"":""InputReferenceCode"",
            ""value"":""CLEACH_SETTLEMENT_NACHAM_Tr""
        }
    ]
}"|"CLEACH_SETTLEMENT_NACHAM_Tr"|"Payment Instruction"|"BANDAVIVIE"|"SETTLEMENT"|"VOLPAYDEPT"|"GLBLOFF"|"COLBR"|""|(BLOB)|""|""|""|""|"00001051"|""|""|""|""|""||||||""|(BLOB)|""|||""|(BLOB)|(BLOB)||""|""|""|""||||||||
"107234"|06-JUL-22 09.25.21.044000000 PM|"REJECTED"|0|0|0|0|"c5ee1e95d496"|""|""|"¡Cierre de ciclo en proceso! \n \n Por favor, cargue sus archivos en el siguiente ciclo."|1|""|"FILE"|"0001040.032.1.xml"|"{
    ""TransportType"":""FILE"",
    ""TransportName"":""0001040.032.1.xml"",
    ""TransportCode"":""BULKLOAD_PSE_DIRECTVM"",
    ""AddtionalProperty"":[
        {
            ""key"":""InputReferenceCode"",
            ""value"":""CLEACH_SETTLEMENT_NACHAM_Tr""
        }
    ]
}"|"CLEACH_SETTLEMENT_NACHAM_Tr"|"Payment Instruction"|"BANBANCOA"|"SETTLEMENT"|"VOLPAYDEPT"|"GLBLOFF"|"COLBR"|""|(BLOB)|""|""|""|""|"00001040"|""|""|""|""|""||||||""|(BLOB)|""|||""|(BLOB)|(BLOB)||""|""|""|""||||||||
